-- MariaDB dump 10.17  Distrib 10.4.11-MariaDB, for debian-linux-gnu (x86_64)
--
-- Host: localhost    Database: fine_living
-- ------------------------------------------------------
-- Server version	10.4.11-MariaDB-1:10.4.11+maria~xenial

/*!40101 SET @OLD_CHARACTER_SET_CLIENT=@@CHARACTER_SET_CLIENT */;
/*!40101 SET @OLD_CHARACTER_SET_RESULTS=@@CHARACTER_SET_RESULTS */;
/*!40101 SET @OLD_COLLATION_CONNECTION=@@COLLATION_CONNECTION */;
/*!40101 SET NAMES utf8mb4 */;
/*!40103 SET @OLD_TIME_ZONE=@@TIME_ZONE */;
/*!40103 SET TIME_ZONE='+00:00' */;
/*!40014 SET @OLD_UNIQUE_CHECKS=@@UNIQUE_CHECKS, UNIQUE_CHECKS=0 */;
/*!40014 SET @OLD_FOREIGN_KEY_CHECKS=@@FOREIGN_KEY_CHECKS, FOREIGN_KEY_CHECKS=0 */;
/*!40101 SET @OLD_SQL_MODE=@@SQL_MODE, SQL_MODE='NO_AUTO_VALUE_ON_ZERO' */;
/*!40111 SET @OLD_SQL_NOTES=@@SQL_NOTES, SQL_NOTES=0 */;

--
-- Table structure for table `blood_metrics`
--

DROP TABLE IF EXISTS `blood_metrics`;
/*!40101 SET @saved_cs_client     = @@character_set_client */;
/*!40101 SET character_set_client = utf8 */;
CREATE TABLE `blood_metrics` (
  `metric_id` int(11) NOT NULL AUTO_INCREMENT,
  `user_id` int(11) NOT NULL,
  `device_id` int(11) NOT NULL,
  `oxygen` float DEFAULT NULL,
  `blood_pressure` int(11) DEFAULT NULL,
  `glucose` float DEFAULT NULL,
  `date` date NOT NULL,
  `time` time NOT NULL,
  PRIMARY KEY (`metric_id`),
  UNIQUE KEY `metric_id_UNIQUE` (`metric_id`),
  KEY `user_id_idx` (`user_id`),
  KEY `device_id_idx` (`device_id`),
  CONSTRAINT `fkbm_device_id` FOREIGN KEY (`device_id`) REFERENCES `device` (`device_id`) ON DELETE NO ACTION ON UPDATE NO ACTION,
  CONSTRAINT `fkbm_user_id` FOREIGN KEY (`user_id`) REFERENCES `user` (`user_id`) ON DELETE NO ACTION ON UPDATE NO ACTION
) ENGINE=InnoDB AUTO_INCREMENT=608 DEFAULT CHARSET=utf8;
/*!40101 SET character_set_client = @saved_cs_client */;

--
-- Dumping data for table `blood_metrics`
--

LOCK TABLES `blood_metrics` WRITE;
/*!40000 ALTER TABLE `blood_metrics` DISABLE KEYS */;
INSERT INTO `blood_metrics` VALUES (1,164,4,0.90072,118,22.2459,'2019-12-15','08:00:00'),(2,164,4,0.910913,117,15.9299,'2019-12-15','09:00:00'),(3,164,4,0.853614,124,18.5533,'2019-12-15','10:00:00'),(4,164,4,0.894466,176,18.9526,'2019-12-15','11:00:00'),(5,164,4,0.909718,152,20.0704,'2019-12-15','12:00:00'),(6,164,4,0.926856,127,18.7117,'2019-12-15','13:00:00'),(7,164,4,0.886116,141,19.8352,'2019-12-15','14:00:00'),(8,164,4,0.864165,119,6.3977,'2019-12-15','15:00:00'),(9,164,4,0.908053,136,21.0661,'2019-12-15','16:00:00'),(10,164,4,0.911759,135,17.3486,'2019-12-15','17:00:00'),(11,164,4,0.923302,146,3.90219,'2019-12-15','18:00:00'),(12,164,4,0.946704,161,8.56339,'2019-12-15','19:00:00'),(13,164,4,0.907128,186,4.51223,'2019-12-15','20:00:00'),(14,792,8,0.931222,146,20.0196,'2019-12-15','08:00:00'),(15,792,8,0.947031,129,8.24251,'2019-12-15','09:00:00'),(16,792,8,0.91948,160,3.67257,'2019-12-15','10:00:00'),(17,792,8,0.888533,171,16.0578,'2019-12-15','11:00:00'),(18,792,8,0.856711,135,10.2612,'2019-12-15','12:00:00'),(19,792,8,0.946467,163,12.1361,'2019-12-15','13:00:00'),(20,792,8,0.886153,140,18.633,'2019-12-15','14:00:00'),(21,792,8,0.93765,188,7.76539,'2019-12-15','15:00:00'),(22,792,8,0.885869,111,2.94076,'2019-12-15','16:00:00'),(23,792,8,0.852933,117,10.3949,'2019-12-15','17:00:00'),(24,792,8,0.916209,121,16.9941,'2019-12-15','18:00:00'),(25,792,8,0.867495,167,3.66801,'2019-12-15','19:00:00'),(26,792,8,0.862004,145,19.3992,'2019-12-15','20:00:00'),(27,451,3,0.869838,174,11.4984,'2019-12-15','08:00:00'),(28,451,3,0.930057,163,21.3757,'2019-12-15','09:00:00'),(29,451,3,0.918963,160,4.40086,'2019-12-15','10:00:00'),(30,451,3,0.905486,150,19.7245,'2019-12-15','11:00:00'),(31,451,3,0.926864,131,3.9336,'2019-12-15','12:00:00'),(32,451,3,0.900984,137,6.92768,'2019-12-15','13:00:00'),(33,451,3,0.853437,151,12.807,'2019-12-15','14:00:00'),(34,451,3,0.948368,140,22.3132,'2019-12-15','15:00:00'),(35,451,3,0.926628,179,4.0653,'2019-12-15','16:00:00'),(36,451,3,0.924306,149,7.56792,'2019-12-15','17:00:00'),(37,451,3,0.925543,112,20.4706,'2019-12-15','18:00:00'),(38,451,3,0.887177,124,18.1176,'2019-12-15','19:00:00'),(39,451,3,0.884469,141,21.498,'2019-12-15','20:00:00'),(40,451,3,0.903713,178,15.4681,'2019-12-15','21:00:00'),(41,451,3,0.916413,141,21.7979,'2019-12-15','22:00:00'),(42,451,3,0.91281,130,10.9947,'2019-12-15','23:00:00'),(43,451,3,0.881626,135,15.8322,'2019-12-15','24:00:00'),(44,334,2,0.93968,176,11.43,'2019-12-15','08:00:00'),(45,334,2,0.922837,135,10.633,'2019-12-15','09:00:00'),(46,334,2,0.85562,116,6.83062,'2019-12-15','10:00:00'),(47,334,2,0.932958,151,4.1579,'2019-12-15','11:00:00'),(48,334,2,0.934949,111,13.0055,'2019-12-15','12:00:00'),(49,334,2,0.906013,129,12.975,'2019-12-15','13:00:00'),(50,334,2,0.937426,175,11.6513,'2019-12-15','14:00:00'),(51,334,2,0.931761,168,6.57773,'2019-12-15','15:00:00'),(52,334,2,0.930341,143,16.4337,'2019-12-15','16:00:00'),(53,334,2,0.869728,182,21.8961,'2019-12-15','17:00:00'),(54,334,2,0.859005,154,12.7802,'2019-12-15','18:00:00'),(55,334,2,0.937754,178,16.0173,'2019-12-15','19:00:00'),(56,334,2,0.927223,177,21.1205,'2019-12-15','20:00:00'),(57,334,2,0.858449,161,21.97,'2019-12-15','21:00:00'),(58,334,2,0.940932,161,12.1494,'2019-12-15','22:00:00'),(59,334,2,0.896411,181,3.56479,'2019-12-15','23:00:00'),(60,334,2,0.907686,169,21.9479,'2019-12-15','24:00:00'),(61,419,7,0.926837,174,16.5351,'2019-12-15','08:00:00'),(62,419,7,0.858266,135,9.94405,'2019-12-15','09:00:00'),(63,419,7,0.93669,128,13.8762,'2019-12-15','10:00:00'),(64,419,7,0.862033,182,6.40447,'2019-12-15','11:00:00'),(65,419,7,0.872038,152,22.5014,'2019-12-15','12:00:00'),(66,419,7,0.888161,183,11.9894,'2019-12-15','13:00:00'),(67,419,7,0.907877,148,16.4187,'2019-12-15','14:00:00'),(68,419,7,0.949832,183,14.5817,'2019-12-15','15:00:00'),(69,419,7,0.873899,141,8.03006,'2019-12-15','16:00:00'),(70,419,7,0.866443,110,13.4995,'2019-12-15','17:00:00'),(71,419,7,0.920191,179,7.94723,'2019-12-15','18:00:00'),(72,419,7,0.921296,171,16.0925,'2019-12-15','19:00:00'),(73,419,7,0.858502,142,17.6227,'2019-12-15','20:00:00'),(74,419,7,0.905196,150,20.1229,'2019-12-15','21:00:00'),(75,419,7,0.93615,164,18.8153,'2019-12-15','22:00:00'),(76,419,7,0.851667,162,6.70652,'2019-12-15','23:00:00'),(77,419,7,0.857342,170,13.3087,'2019-12-15','24:00:00'),(78,321,4,0.88935,132,7.36567,'2019-12-15','08:00:00'),(79,321,4,0.884014,188,20.7765,'2019-12-15','09:00:00'),(80,321,4,0.908657,126,8.04395,'2019-12-15','10:00:00'),(81,321,4,0.924184,181,7.35135,'2019-12-15','11:00:00'),(82,321,4,0.900998,176,15.7215,'2019-12-15','12:00:00'),(83,321,4,0.926877,180,4.035,'2019-12-15','13:00:00'),(84,321,4,0.923192,145,3.11875,'2019-12-15','14:00:00'),(85,321,4,0.929667,182,5.35491,'2019-12-15','15:00:00'),(86,321,4,0.947207,145,8.98655,'2019-12-15','16:00:00'),(87,321,4,0.875532,135,19.1414,'2019-12-15','17:00:00'),(88,321,4,0.867953,143,13.4734,'2019-12-15','18:00:00'),(89,321,4,0.896898,167,5.85128,'2019-12-15','19:00:00'),(90,321,4,0.917112,179,9.1221,'2019-12-15','20:00:00'),(91,321,4,0.852685,122,16.5835,'2019-12-15','21:00:00'),(92,321,4,0.852803,113,5.18114,'2019-12-15','22:00:00'),(93,321,4,0.90174,125,11.5372,'2019-12-15','23:00:00'),(94,321,4,0.913487,176,7.88461,'2019-12-15','24:00:00'),(95,524,4,0.888988,136,12.1757,'2019-12-15','08:00:00'),(96,524,4,0.890489,157,17.1136,'2019-12-15','09:00:00'),(97,524,4,0.93642,121,5.14404,'2019-12-15','10:00:00'),(98,524,4,0.870413,161,14.2555,'2019-12-15','11:00:00'),(99,524,4,0.949678,128,6.3499,'2019-12-15','12:00:00'),(100,524,4,0.873078,157,7.89394,'2019-12-15','13:00:00'),(101,524,4,0.904927,186,4.86779,'2019-12-15','14:00:00'),(102,524,4,0.921024,126,21.0868,'2019-12-15','15:00:00'),(103,524,4,0.948868,123,20.3175,'2019-12-15','16:00:00'),(104,524,4,0.941823,184,20.857,'2019-12-15','17:00:00'),(105,524,4,0.926374,116,4.78935,'2019-12-15','18:00:00'),(106,524,4,0.880693,126,4.80837,'2019-12-15','19:00:00'),(107,524,4,0.943337,136,20.1568,'2019-12-15','20:00:00'),(108,524,4,0.888243,132,7.51638,'2019-12-15','21:00:00'),(109,524,4,0.889323,128,21.8774,'2019-12-15','22:00:00'),(110,524,4,0.86332,171,12.0482,'2019-12-15','23:00:00'),(111,524,4,0.853885,172,17.9689,'2019-12-15','24:00:00'),(112,887,6,0.855689,138,14.4681,'2019-12-15','08:00:00'),(113,887,6,0.940858,171,4.35223,'2019-12-15','09:00:00'),(114,887,6,0.865005,148,22.3404,'2019-12-15','10:00:00'),(115,887,6,0.897278,142,14.5186,'2019-12-15','11:00:00'),(116,887,6,0.927108,115,3.09833,'2019-12-15','12:00:00'),(117,887,6,0.942168,152,20.6642,'2019-12-15','13:00:00'),(118,887,6,0.94151,179,14.2798,'2019-12-15','14:00:00'),(119,887,6,0.882238,178,9.25041,'2019-12-15','15:00:00'),(120,887,6,0.858281,143,19.2786,'2019-12-15','16:00:00'),(121,887,6,0.942023,117,17.3234,'2019-12-15','17:00:00'),(122,887,6,0.888274,166,10.1547,'2019-12-15','18:00:00'),(123,887,6,0.92731,168,9.44277,'2019-12-15','19:00:00'),(124,887,6,0.901383,153,6.04467,'2019-12-15','20:00:00'),(125,887,6,0.873293,161,13.4192,'2019-12-15','21:00:00'),(126,887,6,0.926094,124,15.1269,'2019-12-15','22:00:00'),(127,887,6,0.908623,114,12.6358,'2019-12-15','23:00:00'),(128,887,6,0.885268,130,7.2401,'2019-12-15','24:00:00'),(129,712,8,0.907628,184,21.4893,'2019-12-15','08:00:00'),(130,712,8,0.941834,170,3.33043,'2019-12-15','09:00:00'),(131,712,8,0.940768,144,11.0227,'2019-12-15','10:00:00'),(132,712,8,0.931917,176,16.6951,'2019-12-15','11:00:00'),(133,712,8,0.85264,111,2.79193,'2019-12-15','12:00:00'),(134,712,8,0.94947,185,17.3875,'2019-12-15','13:00:00'),(135,712,8,0.93628,117,20.4187,'2019-12-15','14:00:00'),(136,712,8,0.866707,123,8.83039,'2019-12-15','15:00:00'),(137,712,8,0.856996,143,19.9277,'2019-12-15','16:00:00'),(138,712,8,0.858617,176,20.5969,'2019-12-15','17:00:00'),(139,712,8,0.850421,135,14.501,'2019-12-15','18:00:00'),(140,712,8,0.851063,131,8.76438,'2019-12-15','19:00:00'),(141,712,8,0.923702,170,14.4237,'2019-12-15','20:00:00'),(142,712,8,0.917458,157,22.0578,'2019-12-15','21:00:00'),(143,712,8,0.856648,143,19.9841,'2019-12-15','22:00:00'),(144,712,8,0.860483,183,7.96441,'2019-12-15','23:00:00'),(145,712,8,0.909148,122,22.3833,'2019-12-15','24:00:00'),(146,905,2,0.868999,158,11.2062,'2019-12-15','08:00:00'),(147,905,2,0.885139,147,8.11742,'2019-12-15','09:00:00'),(148,905,2,0.948134,116,11.6262,'2019-12-15','10:00:00'),(149,905,2,0.851937,169,15.7295,'2019-12-15','11:00:00'),(150,905,2,0.855363,133,9.25441,'2019-12-15','12:00:00'),(151,905,2,0.926743,177,20.4551,'2019-12-15','13:00:00'),(152,905,2,0.944673,114,11.3369,'2019-12-15','14:00:00'),(153,905,2,0.8518,172,19.4656,'2019-12-15','15:00:00'),(154,905,2,0.937804,178,15.9549,'2019-12-15','16:00:00'),(155,905,2,0.92576,172,15.6211,'2019-12-15','17:00:00'),(156,905,2,0.940096,154,3.70406,'2019-12-15','18:00:00'),(157,905,2,0.912117,185,19.3552,'2019-12-15','19:00:00'),(158,905,2,0.886804,136,13.2091,'2019-12-15','20:00:00'),(159,905,2,0.917152,171,18.9339,'2019-12-15','21:00:00'),(160,905,2,0.928472,147,2.86748,'2019-12-15','22:00:00'),(161,905,2,0.914635,125,2.98311,'2019-12-15','23:00:00'),(162,905,2,0.902085,153,6.02719,'2019-12-15','24:00:00'),(163,476,1,0.866951,151,3.977,'2019-12-15','08:00:00'),(164,476,1,0.929782,172,12.9853,'2019-12-15','09:00:00'),(165,476,1,0.87487,164,16.2468,'2019-12-15','10:00:00'),(166,476,1,0.885464,168,13.9405,'2019-12-15','11:00:00'),(167,476,1,0.915656,156,21.3794,'2019-12-15','12:00:00'),(168,476,1,0.944966,184,18.7586,'2019-12-15','13:00:00'),(169,476,1,0.874551,174,8.24414,'2019-12-15','14:00:00'),(170,476,1,0.94998,122,17.8487,'2019-12-15','15:00:00'),(171,476,1,0.885508,149,10.1052,'2019-12-15','16:00:00'),(172,476,1,0.8912,184,11.3015,'2019-12-15','17:00:00'),(173,476,1,0.887273,154,16.0785,'2019-12-15','18:00:00'),(174,476,1,0.919436,146,5.9396,'2019-12-15','19:00:00'),(175,476,1,0.898487,183,5.8489,'2019-12-15','20:00:00'),(176,476,1,0.854199,167,12.3424,'2019-12-15','21:00:00'),(177,476,1,0.876774,180,14.271,'2019-12-15','22:00:00'),(178,476,1,0.878569,164,13.2385,'2019-12-15','23:00:00'),(179,476,1,0.912622,152,18.5594,'2019-12-15','24:00:00'),(180,16,9,0.85693,145,22.5494,'2019-12-15','08:00:00'),(181,16,9,0.916413,136,15.5747,'2019-12-15','09:00:00'),(182,16,9,0.8759,137,21.9404,'2019-12-15','10:00:00'),(183,16,9,0.928868,113,19.5136,'2019-12-15','11:00:00'),(184,16,9,0.860136,187,13.4962,'2019-12-15','12:00:00'),(185,16,9,0.931471,145,17.631,'2019-12-15','13:00:00'),(186,16,9,0.894034,185,10.8845,'2019-12-15','14:00:00'),(187,16,9,0.872998,182,19.5236,'2019-12-15','15:00:00'),(188,16,9,0.900922,110,12.8023,'2019-12-15','16:00:00'),(189,16,9,0.902792,118,21.8488,'2019-12-15','17:00:00'),(190,16,9,0.898449,152,7.04348,'2019-12-15','18:00:00'),(191,16,9,0.900548,178,18.3604,'2019-12-15','19:00:00'),(192,16,9,0.885742,143,3.45696,'2019-12-15','20:00:00'),(193,16,9,0.944518,157,5.62647,'2019-12-15','21:00:00'),(194,16,9,0.946449,139,21.5797,'2019-12-15','22:00:00'),(195,16,9,0.913944,138,19.2584,'2019-12-15','23:00:00'),(196,16,9,0.861385,115,2.81797,'2019-12-15','24:00:00'),(197,92,10,0.94217,178,13.3233,'2019-12-15','08:00:00'),(198,92,10,0.860005,181,5.77534,'2019-12-15','09:00:00'),(199,92,10,0.861848,119,7.09893,'2019-12-15','10:00:00'),(200,92,10,0.927651,126,16.7802,'2019-12-15','11:00:00'),(201,92,10,0.942193,148,15.5457,'2019-12-15','12:00:00'),(202,92,10,0.928858,110,15.3891,'2019-12-15','13:00:00'),(203,92,10,0.869416,114,16.1928,'2019-12-15','14:00:00'),(204,92,10,0.874094,123,4.71938,'2019-12-15','15:00:00'),(205,92,10,0.853258,177,5.14431,'2019-12-15','16:00:00'),(206,92,10,0.86011,119,8.92134,'2019-12-15','17:00:00'),(207,92,10,0.870871,117,19.611,'2019-12-15','18:00:00'),(208,92,10,0.946674,132,12.8017,'2019-12-15','19:00:00'),(209,92,10,0.920424,189,19.4395,'2019-12-15','20:00:00'),(210,92,10,0.873706,162,14.3149,'2019-12-15','21:00:00'),(211,92,10,0.945057,189,5.12793,'2019-12-15','22:00:00'),(212,92,10,0.914511,177,8.53105,'2019-12-15','23:00:00'),(213,92,10,0.944363,176,8.83004,'2019-12-15','24:00:00'),(214,557,8,0.944347,143,8.23162,'2019-12-15','08:00:00'),(215,557,8,0.864072,178,20.0418,'2019-12-15','09:00:00'),(216,557,8,0.928391,134,5.89243,'2019-12-15','10:00:00'),(217,557,8,0.94133,115,15.0653,'2019-12-15','11:00:00'),(218,557,8,0.939843,159,10.9292,'2019-12-15','12:00:00'),(219,557,8,0.871525,176,12.372,'2019-12-15','13:00:00'),(220,557,8,0.946238,137,19.4684,'2019-12-15','14:00:00'),(221,557,8,0.867875,139,8.22604,'2019-12-15','15:00:00'),(222,557,8,0.881597,168,17.2374,'2019-12-15','16:00:00'),(223,557,8,0.895149,114,21.6922,'2019-12-15','17:00:00'),(224,557,8,0.908762,115,14.7683,'2019-12-15','18:00:00'),(225,557,8,0.931931,131,20.5732,'2019-12-15','19:00:00'),(226,557,8,0.917933,166,11.9098,'2019-12-15','20:00:00'),(227,557,8,0.872535,168,22.1061,'2019-12-15','21:00:00'),(228,557,8,0.918572,150,11.7267,'2019-12-15','22:00:00'),(229,557,8,0.927358,149,6.07254,'2019-12-15','23:00:00'),(230,557,8,0.887152,136,13.9814,'2019-12-15','24:00:00'),(231,213,4,0.902701,150,21.2768,'2019-12-15','08:00:00'),(232,213,4,0.866029,189,12.9738,'2019-12-15','09:00:00'),(233,213,4,0.909372,143,8.2284,'2019-12-15','10:00:00'),(234,213,4,0.866956,110,12.78,'2019-12-15','11:00:00'),(235,213,4,0.903439,121,5.03151,'2019-12-15','12:00:00'),(236,213,4,0.867303,150,22.2613,'2019-12-15','13:00:00'),(237,213,4,0.891404,119,9.85667,'2019-12-15','14:00:00'),(238,213,4,0.89512,123,12.2775,'2019-12-15','15:00:00'),(239,213,4,0.941688,120,20.8664,'2019-12-15','16:00:00'),(240,213,4,0.866822,118,2.62018,'2019-12-15','17:00:00'),(241,213,4,0.920165,150,11.0216,'2019-12-15','18:00:00'),(242,213,4,0.908979,164,15.782,'2019-12-15','19:00:00'),(243,213,4,0.873842,127,9.7762,'2019-12-15','20:00:00'),(244,213,4,0.86496,163,20.7826,'2019-12-15','21:00:00'),(245,213,4,0.903088,184,3.4499,'2019-12-15','22:00:00'),(246,213,4,0.893139,112,19.6619,'2019-12-15','23:00:00'),(247,213,4,0.867712,136,4.60399,'2019-12-15','24:00:00'),(248,104,2,0.868483,155,8.80738,'2019-12-15','08:00:00'),(249,104,2,0.933292,128,15.9746,'2019-12-15','09:00:00'),(250,104,2,0.914315,126,4.96898,'2019-12-15','10:00:00'),(251,104,2,0.94635,146,11.0044,'2019-12-15','11:00:00'),(252,104,2,0.921468,135,10.9909,'2019-12-15','12:00:00'),(253,104,2,0.865959,153,6.95537,'2019-12-15','13:00:00'),(254,104,2,0.897092,166,4.47421,'2019-12-15','14:00:00'),(255,104,2,0.886467,153,14.9417,'2019-12-15','15:00:00'),(256,104,2,0.895877,145,19.3325,'2019-12-15','16:00:00'),(257,104,2,0.935537,171,7.97445,'2019-12-15','17:00:00'),(258,104,2,0.854272,142,20.7783,'2019-12-15','18:00:00'),(259,104,2,0.882233,180,11.7506,'2019-12-15','19:00:00'),(260,104,2,0.913294,173,3.83406,'2019-12-15','20:00:00'),(261,104,2,0.94322,148,14.2586,'2019-12-15','21:00:00'),(262,104,2,0.898693,164,21.9713,'2019-12-15','22:00:00'),(263,104,2,0.928522,111,17.5245,'2019-12-15','23:00:00'),(264,104,2,0.917,118,13.5318,'2019-12-15','24:00:00'),(265,23,6,0.902073,163,18.5075,'2019-12-15','08:00:00'),(266,23,6,0.946234,144,7.41514,'2019-12-15','09:00:00'),(267,23,6,0.942712,183,18.3076,'2019-12-15','10:00:00'),(268,23,6,0.868686,156,9.20228,'2019-12-15','11:00:00'),(269,23,6,0.941616,157,6.67632,'2019-12-15','12:00:00'),(270,23,6,0.87477,160,10.444,'2019-12-15','13:00:00'),(271,23,6,0.857982,127,20.0612,'2019-12-15','14:00:00'),(272,23,6,0.919778,179,7.70657,'2019-12-15','15:00:00'),(273,23,6,0.916744,155,19.6739,'2019-12-15','16:00:00'),(274,23,6,0.905488,127,10.6368,'2019-12-15','17:00:00'),(275,23,6,0.886933,161,4.55192,'2019-12-15','18:00:00'),(276,23,6,0.906463,152,21.7587,'2019-12-15','19:00:00'),(277,23,6,0.869858,119,22.5935,'2019-12-15','20:00:00'),(278,23,6,0.914114,126,4.79815,'2019-12-15','21:00:00'),(279,23,6,0.942954,135,18.6266,'2019-12-15','22:00:00'),(280,23,6,0.855268,178,5.37982,'2019-12-15','23:00:00'),(281,23,6,0.861674,123,12.2666,'2019-12-15','24:00:00'),(282,897,3,0.858753,169,11.3615,'2019-12-15','08:00:00'),(283,897,3,0.946997,152,17.9648,'2019-12-15','09:00:00'),(284,897,3,0.87343,179,15.2214,'2019-12-15','10:00:00'),(285,897,3,0.905495,180,17.4594,'2019-12-15','11:00:00'),(286,897,3,0.857015,119,10.5736,'2019-12-15','12:00:00'),(287,897,3,0.912793,185,19.2833,'2019-12-15','13:00:00'),(288,897,3,0.884007,125,21.9807,'2019-12-15','14:00:00'),(289,897,3,0.875164,138,2.60902,'2019-12-15','15:00:00'),(290,897,3,0.944904,169,20.0418,'2019-12-15','16:00:00'),(291,897,3,0.862892,112,17.6982,'2019-12-15','17:00:00'),(292,897,3,0.918954,124,19.5267,'2019-12-15','18:00:00'),(293,897,3,0.918269,179,9.08265,'2019-12-15','19:00:00'),(294,897,3,0.949735,111,4.19238,'2019-12-15','20:00:00'),(295,897,3,0.88551,152,14.9591,'2019-12-15','21:00:00'),(296,897,3,0.897981,153,8.32967,'2019-12-15','22:00:00'),(297,897,3,0.929687,119,7.27941,'2019-12-15','23:00:00'),(298,897,3,0.92951,131,22.2518,'2019-12-15','24:00:00'),(299,105,5,0.857234,156,16.9423,'2019-12-15','08:00:00'),(300,105,5,0.932509,187,10.5057,'2019-12-15','09:00:00'),(301,105,5,0.855409,116,7.81376,'2019-12-15','10:00:00'),(302,105,5,0.854967,147,6.24649,'2019-12-15','11:00:00'),(303,105,5,0.901283,111,13.5474,'2019-12-15','12:00:00'),(304,105,5,0.918534,172,19.9385,'2019-12-15','13:00:00'),(305,105,5,0.948085,134,14.0977,'2019-12-15','14:00:00'),(306,105,5,0.946396,117,14.2751,'2019-12-15','15:00:00'),(307,105,5,0.91334,143,6.17046,'2019-12-15','16:00:00'),(308,105,5,0.914538,165,13.0092,'2019-12-15','17:00:00'),(309,105,5,0.902834,116,18.9313,'2019-12-15','18:00:00'),(310,105,5,0.934187,170,8.05564,'2019-12-15','19:00:00'),(311,105,5,0.858487,158,18.1065,'2019-12-15','20:00:00'),(312,105,5,0.855867,187,15.8179,'2019-12-15','21:00:00'),(313,105,5,0.890234,112,21.3591,'2019-12-15','22:00:00'),(314,105,5,0.910279,126,6.44011,'2019-12-15','23:00:00'),(315,105,5,0.885981,127,3.31411,'2019-12-15','24:00:00'),(316,459,9,0.867037,130,17.458,'2019-12-15','08:00:00'),(317,459,9,0.94621,156,3.05389,'2019-12-15','09:00:00'),(318,459,9,0.886808,171,17.7452,'2019-12-15','10:00:00'),(319,459,9,0.89694,116,21.9594,'2019-12-15','11:00:00'),(320,459,9,0.911414,123,22.4305,'2019-12-15','12:00:00'),(321,459,9,0.895727,134,6.33896,'2019-12-15','13:00:00'),(322,459,9,0.949949,144,6.29248,'2019-12-15','14:00:00'),(323,459,9,0.911326,150,17.0466,'2019-12-15','15:00:00'),(324,459,9,0.857438,126,18.6277,'2019-12-15','16:00:00'),(325,459,9,0.889222,154,14.7619,'2019-12-15','17:00:00'),(326,459,9,0.886962,111,2.80268,'2019-12-15','18:00:00'),(327,459,9,0.947928,179,10.4434,'2019-12-15','19:00:00'),(328,459,9,0.886285,161,4.60265,'2019-12-15','20:00:00'),(329,459,9,0.908745,160,11.039,'2019-12-15','21:00:00'),(330,459,9,0.869918,168,3.65141,'2019-12-15','22:00:00'),(331,459,9,0.85728,126,18.8593,'2019-12-15','23:00:00'),(332,459,9,0.8946,173,14.9526,'2019-12-15','24:00:00'),(333,429,1,0.906649,163,15.7303,'2019-12-15','08:00:00'),(334,429,1,0.876897,140,3.9917,'2019-12-15','09:00:00'),(335,429,1,0.872203,182,19.4187,'2019-12-15','10:00:00'),(336,429,1,0.900045,188,10.5185,'2019-12-15','11:00:00'),(337,429,1,0.854127,111,21.9792,'2019-12-15','12:00:00'),(338,429,1,0.928914,113,19.1323,'2019-12-15','13:00:00'),(339,429,1,0.851667,158,21.9499,'2019-12-15','14:00:00'),(340,429,1,0.852697,128,4.21893,'2019-12-15','15:00:00'),(341,429,1,0.920762,133,9.66713,'2019-12-15','16:00:00'),(342,429,1,0.938106,137,4.25958,'2019-12-15','17:00:00'),(343,429,1,0.88792,161,4.5538,'2019-12-15','18:00:00'),(344,429,1,0.904728,145,14.0955,'2019-12-15','19:00:00'),(345,429,1,0.904391,189,9.4893,'2019-12-15','20:00:00'),(346,429,1,0.92366,161,3.36464,'2019-12-15','21:00:00'),(347,429,1,0.874234,117,17.7599,'2019-12-15','22:00:00'),(348,429,1,0.899897,127,14.7463,'2019-12-15','23:00:00'),(349,429,1,0.887404,113,4.98426,'2019-12-15','24:00:00'),(350,984,3,0.942157,169,21.7735,'2019-12-15','08:00:00'),(351,984,3,0.905935,183,21.1112,'2019-12-15','09:00:00'),(352,984,3,0.936564,154,5.81164,'2019-12-15','10:00:00'),(353,984,3,0.864842,130,19.7285,'2019-12-15','11:00:00'),(354,984,3,0.900113,184,6.16719,'2019-12-15','12:00:00'),(355,984,3,0.858276,180,5.50518,'2019-12-15','13:00:00'),(356,984,3,0.859018,111,18.7005,'2019-12-15','14:00:00'),(357,984,3,0.947978,148,12.1967,'2019-12-15','15:00:00'),(358,984,3,0.944768,133,15.6274,'2019-12-15','16:00:00'),(359,984,3,0.886021,177,5.68078,'2019-12-15','17:00:00'),(360,984,3,0.872939,164,17.3221,'2019-12-15','18:00:00'),(361,984,3,0.912595,183,17.1864,'2019-12-15','19:00:00'),(362,984,3,0.938231,127,12.0186,'2019-12-15','20:00:00'),(363,984,3,0.918395,110,22.2581,'2019-12-15','21:00:00'),(364,984,3,0.939368,151,20.9466,'2019-12-15','22:00:00'),(365,984,3,0.852764,140,19.5624,'2019-12-15','23:00:00'),(366,984,3,0.858197,179,4.23035,'2019-12-15','24:00:00'),(367,34,10,0.909951,147,12.8868,'2019-12-15','08:00:00'),(368,34,10,0.868398,140,9.24771,'2019-12-15','09:00:00'),(369,34,10,0.903134,162,16.674,'2019-12-15','10:00:00'),(370,34,10,0.903988,157,9.03549,'2019-12-15','11:00:00'),(371,34,10,0.934403,130,17.4402,'2019-12-15','12:00:00'),(372,34,10,0.944559,150,16.0552,'2019-12-15','13:00:00'),(373,34,10,0.935809,131,18.333,'2019-12-15','14:00:00'),(374,34,10,0.861669,127,17.949,'2019-12-15','15:00:00'),(375,34,10,0.866673,152,5.72699,'2019-12-15','16:00:00'),(376,34,10,0.868782,147,18.3367,'2019-12-15','17:00:00'),(377,34,10,0.902399,130,17.1047,'2019-12-15','18:00:00'),(378,34,10,0.934785,115,18.0851,'2019-12-15','19:00:00'),(379,34,10,0.918058,116,9.77759,'2019-12-15','20:00:00'),(380,34,10,0.905403,165,18.7106,'2019-12-15','21:00:00'),(381,34,10,0.944707,135,17.6527,'2019-12-15','22:00:00'),(382,34,10,0.930686,172,11.8268,'2019-12-15','23:00:00'),(383,34,10,0.947756,150,14.3242,'2019-12-15','24:00:00'),(384,512,4,0.919591,150,11.7257,'2019-12-15','08:00:00'),(385,512,4,0.9255,142,17.916,'2019-12-15','09:00:00'),(386,512,4,0.911052,170,21.4885,'2019-12-15','10:00:00'),(387,512,4,0.895653,145,20.1468,'2019-12-15','11:00:00'),(388,512,4,0.853854,154,16.3549,'2019-12-15','12:00:00'),(389,512,4,0.92567,167,9.2261,'2019-12-15','13:00:00'),(390,512,4,0.899568,148,21.3064,'2019-12-15','14:00:00'),(391,512,4,0.87232,134,20.2112,'2019-12-15','15:00:00'),(392,512,4,0.89727,167,6.42127,'2019-12-15','16:00:00'),(393,512,4,0.928981,140,12.7993,'2019-12-15','17:00:00'),(394,512,4,0.892219,156,15.3718,'2019-12-15','18:00:00'),(395,512,4,0.894986,136,8.96297,'2019-12-15','19:00:00'),(396,512,4,0.90901,189,6.7991,'2019-12-15','20:00:00'),(397,512,4,0.856162,164,6.72808,'2019-12-15','21:00:00'),(398,512,4,0.949725,139,19.4703,'2019-12-15','22:00:00'),(399,512,4,0.86164,114,20.7632,'2019-12-15','23:00:00'),(400,512,4,0.888638,126,20.1582,'2019-12-15','24:00:00'),(401,408,2,0.932784,131,20.0795,'2019-12-15','08:00:00'),(402,408,2,0.905538,122,4.7743,'2019-12-15','09:00:00'),(403,408,2,0.857866,115,4.59716,'2019-12-15','10:00:00'),(404,408,2,0.879778,125,3.6665,'2019-12-15','11:00:00'),(405,408,2,0.919862,136,13.9967,'2019-12-15','12:00:00'),(406,408,2,0.934975,153,5.5392,'2019-12-15','13:00:00'),(407,408,2,0.861708,121,10.0254,'2019-12-15','14:00:00'),(408,408,2,0.892284,110,17.2701,'2019-12-15','15:00:00'),(409,408,2,0.91663,120,15.722,'2019-12-15','16:00:00'),(410,408,2,0.938749,147,16.2675,'2019-12-15','17:00:00'),(411,408,2,0.850936,189,21.705,'2019-12-15','18:00:00'),(412,408,2,0.928625,115,21.9763,'2019-12-15','19:00:00'),(413,408,2,0.914753,136,16.8682,'2019-12-15','20:00:00'),(414,408,2,0.907346,168,20.8995,'2019-12-15','21:00:00'),(415,408,2,0.889366,127,21.3178,'2019-12-15','22:00:00'),(416,408,2,0.850933,129,5.93676,'2019-12-15','23:00:00'),(417,408,2,0.86173,116,4.16018,'2019-12-15','24:00:00'),(418,195,8,0.890384,159,19.6572,'2019-12-15','08:00:00'),(419,195,8,0.892567,155,14.0379,'2019-12-15','09:00:00'),(420,195,8,0.865013,112,17.0873,'2019-12-15','10:00:00'),(421,195,8,0.901699,142,12.7644,'2019-12-15','11:00:00'),(422,195,8,0.880558,110,4.58985,'2019-12-15','12:00:00'),(423,195,8,0.898772,121,7.35068,'2019-12-15','13:00:00'),(424,195,8,0.926725,119,8.92809,'2019-12-15','14:00:00'),(425,195,8,0.871114,118,20.5789,'2019-12-15','15:00:00'),(426,195,8,0.867532,124,10.0554,'2019-12-15','16:00:00'),(427,195,8,0.882463,150,13.604,'2019-12-15','17:00:00'),(428,195,8,0.873656,152,21.6249,'2019-12-15','18:00:00'),(429,195,8,0.865968,185,7.48403,'2019-12-15','19:00:00'),(430,195,8,0.888707,126,19.6501,'2019-12-15','20:00:00'),(431,195,8,0.91543,167,14.7388,'2019-12-15','21:00:00'),(432,195,8,0.939281,161,13.3548,'2019-12-15','22:00:00'),(433,195,8,0.925899,124,15.2325,'2019-12-15','23:00:00'),(434,195,8,0.911297,123,2.81848,'2019-12-15','24:00:00'),(435,758,6,0.881348,177,7.88216,'2019-12-15','08:00:00'),(436,758,6,0.929781,125,14.4046,'2019-12-15','09:00:00'),(437,758,6,0.886095,112,4.34826,'2019-12-15','10:00:00'),(438,758,6,0.883491,142,3.73714,'2019-12-15','11:00:00'),(439,758,6,0.854733,115,6.36849,'2019-12-15','12:00:00'),(440,758,6,0.924387,122,13.3763,'2019-12-15','13:00:00'),(441,758,6,0.873181,153,2.95205,'2019-12-15','14:00:00'),(442,758,6,0.89602,129,19.8052,'2019-12-15','15:00:00'),(443,758,6,0.905678,126,9.50727,'2019-12-15','16:00:00'),(444,758,6,0.861739,154,10.642,'2019-12-15','17:00:00'),(445,758,6,0.885793,156,19.4611,'2019-12-15','18:00:00'),(446,758,6,0.896515,173,14.351,'2019-12-15','19:00:00'),(447,758,6,0.904795,188,7.43326,'2019-12-15','20:00:00'),(448,758,6,0.877701,162,11.9835,'2019-12-15','21:00:00'),(449,758,6,0.886576,143,2.78335,'2019-12-15','22:00:00'),(450,758,6,0.928196,180,3.91302,'2019-12-15','23:00:00'),(451,758,6,0.918133,126,2.691,'2019-12-15','24:00:00'),(452,822,8,0.942572,183,19.4652,'2019-12-15','08:00:00'),(453,822,8,0.894405,165,5.00438,'2019-12-15','09:00:00'),(454,822,8,0.902967,133,19.5896,'2019-12-15','10:00:00'),(455,822,8,0.888431,139,16.8533,'2019-12-15','11:00:00'),(456,822,8,0.894397,116,4.14737,'2019-12-15','12:00:00'),(457,822,8,0.864127,147,21.5495,'2019-12-15','13:00:00'),(458,822,8,0.881459,168,16.7793,'2019-12-15','14:00:00'),(459,822,8,0.885319,161,5.31187,'2019-12-15','15:00:00'),(460,822,8,0.926088,141,16.7072,'2019-12-15','16:00:00'),(461,822,8,0.883401,154,17.9571,'2019-12-15','17:00:00'),(462,822,8,0.867734,156,10.2725,'2019-12-15','18:00:00'),(463,822,8,0.866874,165,21.7586,'2019-12-15','19:00:00'),(464,822,8,0.921116,164,8.13132,'2019-12-15','20:00:00'),(465,822,8,0.88368,178,7.82321,'2019-12-15','21:00:00'),(466,822,8,0.924286,184,11.1108,'2019-12-15','22:00:00'),(467,822,8,0.883523,141,22.4374,'2019-12-15','23:00:00'),(468,822,8,0.926081,176,19.797,'2019-12-15','24:00:00'),(469,50,6,0.905346,129,13.6678,'2019-12-15','08:00:00'),(470,50,6,0.853869,152,13.6042,'2019-12-15','09:00:00'),(471,50,6,0.865129,118,4.1042,'2019-12-15','10:00:00'),(472,50,6,0.85586,115,5.82303,'2019-12-15','11:00:00'),(473,50,6,0.910358,152,19.8291,'2019-12-15','12:00:00'),(474,50,6,0.920396,184,13.9049,'2019-12-15','13:00:00'),(475,50,6,0.851995,142,21.806,'2019-12-15','14:00:00'),(476,50,6,0.908941,115,13.8502,'2019-12-15','15:00:00'),(477,50,6,0.911412,140,4.05713,'2019-12-15','16:00:00'),(478,50,6,0.871516,178,15.4138,'2019-12-15','17:00:00'),(479,50,6,0.913175,128,8.36167,'2019-12-15','18:00:00'),(480,50,6,0.923042,173,17.5609,'2019-12-15','19:00:00'),(481,50,6,0.887663,161,3.90568,'2019-12-15','20:00:00'),(482,50,6,0.890931,178,3.11037,'2019-12-15','21:00:00'),(483,50,6,0.907553,174,8.17615,'2019-12-15','22:00:00'),(484,50,6,0.94908,119,14.9117,'2019-12-15','23:00:00'),(485,50,6,0.922513,172,16.9818,'2019-12-15','24:00:00'),(486,354,5,0.913383,142,5.63974,'2019-12-15','08:00:00'),(487,354,5,0.902784,124,9.25448,'2019-12-15','09:00:00'),(488,354,5,0.861387,155,12.8855,'2019-12-15','10:00:00'),(489,354,5,0.935784,169,5.76674,'2019-12-15','11:00:00'),(490,354,5,0.905257,133,18.2314,'2019-12-15','12:00:00'),(491,354,5,0.854427,180,7.60838,'2019-12-15','13:00:00'),(492,354,5,0.912216,138,21.2231,'2019-12-15','14:00:00'),(493,354,5,0.90772,117,17.223,'2019-12-15','15:00:00'),(494,354,5,0.88781,165,9.61899,'2019-12-15','16:00:00'),(495,354,5,0.91636,131,9.29743,'2019-12-15','17:00:00'),(496,354,5,0.937896,141,8.8813,'2019-12-15','18:00:00'),(497,354,5,0.889976,114,4.27367,'2019-12-15','19:00:00'),(498,354,5,0.874865,189,6.89869,'2019-12-15','20:00:00'),(499,354,5,0.859815,177,21.3064,'2019-12-15','21:00:00'),(500,354,5,0.863874,181,3.04876,'2019-12-15','22:00:00'),(501,354,5,0.8949,124,13.4272,'2019-12-15','23:00:00'),(502,354,5,0.867379,129,16.6585,'2019-12-15','24:00:00'),(503,856,9,0.92472,128,21.4261,'2019-12-15','08:00:00'),(504,856,9,0.94968,122,18.7981,'2019-12-15','09:00:00'),(505,856,9,0.906935,143,10.1435,'2019-12-15','10:00:00'),(506,856,9,0.913474,113,8.73405,'2019-12-15','11:00:00'),(507,856,9,0.890695,119,9.64842,'2019-12-15','12:00:00'),(508,856,9,0.891814,112,20.8541,'2019-12-15','13:00:00'),(509,856,9,0.896325,156,12.6182,'2019-12-15','14:00:00'),(510,856,9,0.927016,137,11.1962,'2019-12-15','15:00:00'),(511,856,9,0.860487,128,19.8023,'2019-12-15','16:00:00'),(512,856,9,0.909573,141,6.68678,'2019-12-15','17:00:00'),(513,856,9,0.932678,151,5.08076,'2019-12-15','18:00:00'),(514,856,9,0.855757,183,10.7178,'2019-12-15','19:00:00'),(515,856,9,0.87823,125,5.04381,'2019-12-15','20:00:00'),(516,856,9,0.85295,172,18.9242,'2019-12-15','21:00:00'),(517,856,9,0.923822,129,22.5553,'2019-12-15','22:00:00'),(518,856,9,0.876137,135,18.2721,'2019-12-15','23:00:00'),(519,856,9,0.947739,152,17.5716,'2019-12-15','24:00:00'),(520,813,5,0.891745,172,15.4548,'2019-12-15','08:00:00'),(521,813,5,0.937666,146,15.5058,'2019-12-15','09:00:00'),(522,813,5,0.936131,139,7.98668,'2019-12-15','10:00:00'),(523,813,5,0.873472,139,5.07674,'2019-12-15','11:00:00'),(524,813,5,0.902239,129,15.2988,'2019-12-15','12:00:00'),(525,813,5,0.895344,138,11.6306,'2019-12-15','13:00:00'),(526,813,5,0.867054,149,22.1807,'2019-12-15','14:00:00'),(527,813,5,0.890077,115,5.22777,'2019-12-15','15:00:00'),(528,813,5,0.895673,181,4.14313,'2019-12-15','16:00:00'),(529,813,5,0.921738,138,15.1007,'2019-12-15','17:00:00'),(530,813,5,0.855888,143,20.9953,'2019-12-15','18:00:00'),(531,813,5,0.884098,185,16.7023,'2019-12-15','19:00:00'),(532,813,5,0.918873,136,14.1088,'2019-12-15','20:00:00'),(533,813,5,0.939222,168,22.5462,'2019-12-15','21:00:00'),(534,813,5,0.928215,183,7.55345,'2019-12-15','22:00:00'),(535,813,5,0.898189,163,20.3302,'2019-12-15','23:00:00'),(536,813,5,0.893324,150,7.27113,'2019-12-15','24:00:00'),(537,232,5,0.92061,157,19.4529,'2019-12-15','08:00:00'),(538,232,5,0.893665,162,21.9328,'2019-12-15','09:00:00'),(539,232,5,0.936725,144,14.1961,'2019-12-15','10:00:00'),(540,232,5,0.909011,126,8.30441,'2019-12-15','11:00:00'),(541,232,5,0.929278,118,5.85748,'2019-12-15','12:00:00'),(542,232,5,0.898964,186,9.1791,'2019-12-15','13:00:00'),(543,232,5,0.926605,177,20.9758,'2019-12-15','14:00:00'),(544,232,5,0.856378,155,15.0268,'2019-12-15','15:00:00'),(545,232,5,0.89191,128,20.6008,'2019-12-15','16:00:00'),(546,232,5,0.93058,136,7.13998,'2019-12-15','17:00:00'),(547,232,5,0.864835,114,19.7763,'2019-12-15','18:00:00'),(548,232,5,0.861174,188,14.1233,'2019-12-15','19:00:00'),(549,232,5,0.943399,185,20.705,'2019-12-15','20:00:00'),(550,232,5,0.920193,173,19.8735,'2019-12-15','21:00:00'),(551,232,5,0.943669,117,15.6435,'2019-12-15','22:00:00'),(552,232,5,0.948352,186,19.6963,'2019-12-15','23:00:00'),(553,232,5,0.889085,141,18.1293,'2019-12-15','24:00:00'),(554,494,10,0.888785,185,13.6627,'2019-12-15','08:00:00'),(555,494,10,0.943568,111,8.3566,'2019-12-15','09:00:00'),(556,494,10,0.888223,113,4.43423,'2019-12-15','10:00:00'),(557,494,10,0.881551,134,13.9104,'2019-12-15','11:00:00'),(558,494,10,0.942037,182,17.9072,'2019-12-15','12:00:00'),(559,494,10,0.861092,130,21.7976,'2019-12-15','13:00:00'),(560,494,10,0.852381,129,5.11271,'2019-12-15','14:00:00'),(561,494,10,0.940994,123,5.28132,'2019-12-15','15:00:00'),(562,494,10,0.8652,138,9.26229,'2019-12-15','16:00:00'),(563,494,10,0.909209,186,3.1874,'2019-12-15','17:00:00'),(564,494,10,0.876346,128,9.70998,'2019-12-15','18:00:00'),(565,494,10,0.858997,140,15.5384,'2019-12-15','19:00:00'),(566,494,10,0.85845,148,5.70415,'2019-12-15','20:00:00'),(567,494,10,0.883081,125,21.5951,'2019-12-15','21:00:00'),(568,494,10,0.868346,115,18.3973,'2019-12-15','22:00:00'),(569,494,10,0.924516,138,13.5128,'2019-12-15','23:00:00'),(570,494,10,0.915953,162,9.10057,'2019-12-15','24:00:00'),(571,25,7,0.724961,133,17.8878,'2019-12-15','08:00:00'),(572,41,12,0.752426,162,16.1946,'2019-12-10','08:00:00'),(573,41,12,0.611265,154,15.5592,'2019-12-10','08:00:00'),(574,41,12,0.58575,159,19.4777,'2019-12-10','08:00:00'),(575,41,12,0.35584,135,20.1192,'2019-12-10','08:00:00'),(576,41,12,0.651951,156,15.6407,'2019-12-10','08:00:00'),(577,41,12,0.548417,143,20.0404,'2019-12-10','08:00:00'),(578,421,8,0.908244,132,21.8466,'2019-12-10','08:00:00'),(579,421,8,0.617685,180,22.1911,'2019-12-10','08:00:00'),(580,421,8,0.892237,125,17.4262,'2019-12-10','08:00:00'),(581,421,8,0.701492,160,16.9355,'2019-12-10','08:00:00'),(582,421,8,0.0289538,144,16.3367,'2019-12-10','08:00:00'),(583,421,8,0.376019,138,21.6741,'2019-12-10','08:00:00'),(584,270,10,0.377706,132,17.6551,'2019-12-10','08:00:00'),(585,270,10,0.528378,165,15.4165,'2019-12-10','08:00:00'),(586,270,10,0.0721965,195,18.6351,'2019-12-10','08:00:00'),(587,270,10,0.509504,136,16.5639,'2019-12-10','08:00:00'),(588,270,10,0.810992,146,23.9604,'2019-12-10','08:00:00'),(589,270,10,0.122786,171,21.6071,'2019-12-10','08:00:00'),(590,913,8,0.832753,131,23.5739,'2019-12-10','08:00:00'),(591,913,8,0.513543,177,23.3716,'2019-12-10','08:00:00'),(592,913,8,0.599144,138,15.2371,'2019-12-10','08:00:00'),(593,913,8,0.0658693,196,19.9346,'2019-12-10','08:00:00'),(594,913,8,0.0926505,176,15.3644,'2019-12-10','08:00:00'),(595,913,8,0.633575,181,22.9202,'2019-12-10','08:00:00'),(596,992,9,0.530566,198,17.3802,'2019-12-10','08:00:00'),(597,992,9,0.732284,173,14.399,'2019-12-10','08:00:00'),(598,992,9,0.257458,137,14.6554,'2019-12-10','08:00:00'),(599,992,9,0.824966,194,15.661,'2019-12-10','08:00:00'),(600,992,9,0.0459034,179,19.1837,'2019-12-10','08:00:00'),(601,992,9,0.398199,157,23.8484,'2019-12-10','08:00:00'),(602,913,11,0.402165,163,17.7013,'2019-12-10','08:00:00'),(603,913,11,0.304692,155,15.5121,'2019-12-10','08:00:00'),(604,913,11,0.516877,134,15.0314,'2019-12-10','08:00:00'),(605,913,11,0.123449,148,15.6874,'2019-12-10','08:00:00'),(606,913,11,0.920261,132,21.146,'2019-12-10','08:00:00'),(607,913,11,0.287765,147,20.1185,'2019-12-10','08:00:00');
/*!40000 ALTER TABLE `blood_metrics` ENABLE KEYS */;
UNLOCK TABLES;

--
-- Table structure for table `device`
--

DROP TABLE IF EXISTS `device`;
/*!40101 SET @saved_cs_client     = @@character_set_client */;
/*!40101 SET character_set_client = utf8 */;
CREATE TABLE `device` (
  `device_id` int(11) NOT NULL AUTO_INCREMENT,
  `name` varchar(50) NOT NULL,
  `type` enum('Smartwatch','Smart Diabetes Device','heart Pacemaker','Automated Defibrillator','Wristband','Smart Ring') NOT NULL,
  `version` varchar(50) DEFAULT NULL,
  `manufacturer` varchar(50) NOT NULL,
  PRIMARY KEY (`device_id`),
  UNIQUE KEY `device_id_UNIQUE` (`device_id`)
) ENGINE=InnoDB AUTO_INCREMENT=40 DEFAULT CHARSET=utf8;
/*!40101 SET character_set_client = @saved_cs_client */;

--
-- Dumping data for table `device`
--

LOCK TABLES `device` WRITE;
/*!40000 ALTER TABLE `device` DISABLE KEYS */;
INSERT INTO `device` VALUES (1,'Galaxy Watch ','Smartwatch','1','Samsung'),(2,'Apple Watch','Smartwatch','5','Apple'),(3,'Galaxy Watch Action','Smartwatch','2','Samsung'),(4,'Fossil Sport','Smartwatch','1','Fossil'),(5,'Forerunner','Smartwatch','935','Garmin'),(6,'Vivoactive','Smartwatch','3','Garmin'),(7,'Fibit Versa','Smartwatch','2','Fitbit'),(8,'Ticwatch','Smartwatch','E2','Ticwatch'),(9,'Amazefit Pace','Smartwatch','1','Xiaomi'),(10,'Apple Watch','Smartwatch','4','Apple'),(11,'GlucoTrack','Smart Diabetes Device','','Integrity Applications'),(12,'GlucoWise','Smart Diabetes Device',NULL,'Canadian Company'),(13,'Freestyle Libre','Smart Diabetes Device',NULL,'Abbott Diabetes Care'),(14,'Fitbit Charge','Wristband','3','Fitbit'),(15,'Vivosmart','Wristband','4','Garmin'),(16,'Band','Wristband','3Pro','Huawei'),(17,'Band','Wristband','5','Honor'),(18,'MiBand','Wristband','4','Xiaomi'),(19,'Motiv Ring','Smart Ring','','Motiv'),(20,'Jakcom Smart Ring','Smart Ring',NULL,'Jakcom'),(21,'Azure','heart Pacemaker','W1DR01','Medtronic'),(22,'Azure','heart Pacemaker','W1SR01','Medtronic'),(23,'Azure','heart Pacemaker','W3DR01\n','Medtronic'),(24,'Azure','heart Pacemaker','W3SR01','Medtronic'),(25,'VISIA AF','Automated Defibrillator',NULL,'Medtronic'),(26,'VISIA AF MRI ICD','Automated Defibrillator',NULL,'Medtronic'),(27,'EVERA MRI ICD','Automated Defibrillator',NULL,'Medtronic'),(28,'PRIMO MRI ICD','Automated Defibrillator',NULL,'Medtronic'),(29,'EVERA ICD','Automated Defibrillator',NULL,'Medtronic');
/*!40000 ALTER TABLE `device` ENABLE KEYS */;
UNLOCK TABLES;

--
-- Table structure for table `device_metrictype`
--

DROP TABLE IF EXISTS `device_metrictype`;
/*!40101 SET @saved_cs_client     = @@character_set_client */;
/*!40101 SET character_set_client = utf8 */;
CREATE TABLE `device_metrictype` (
  `device_id` int(11) NOT NULL,
  `metric_type` enum('General','Blood','Heart') DEFAULT NULL,
  KEY `device_id_idx` (`device_id`),
  CONSTRAINT `fkmt_device_id` FOREIGN KEY (`device_id`) REFERENCES `device` (`device_id`) ON DELETE NO ACTION ON UPDATE NO ACTION
) ENGINE=InnoDB DEFAULT CHARSET=utf8;
/*!40101 SET character_set_client = @saved_cs_client */;

--
-- Dumping data for table `device_metrictype`
--

LOCK TABLES `device_metrictype` WRITE;
/*!40000 ALTER TABLE `device_metrictype` DISABLE KEYS */;
INSERT INTO `device_metrictype` VALUES (1,'General'),(2,'General'),(3,'General'),(4,'General'),(5,'General'),(6,'General'),(7,'General'),(8,'General'),(9,'General'),(10,'General'),(11,'Blood'),(12,'Blood'),(13,'Blood'),(14,'General'),(15,'General'),(16,'General'),(17,'General'),(18,'General'),(19,'General'),(20,'General'),(21,'Heart'),(22,'Heart'),(23,'Heart'),(24,'Heart'),(25,'Heart'),(26,'Heart'),(27,'Heart'),(28,'Heart'),(29,'Heart'),(1,'Blood'),(2,'Blood'),(3,'Blood'),(4,'Blood'),(5,'Blood'),(6,'Blood'),(7,'Blood'),(8,'Blood'),(9,'Blood'),(10,'Blood'),(5,'Heart'),(6,'Heart'),(7,'Heart'),(8,'Heart'),(9,'Heart'),(10,'Heart'),(14,'Heart'),(15,'Heart'),(16,'Heart'),(17,'Heart'),(18,'Heart');
/*!40000 ALTER TABLE `device_metrictype` ENABLE KEYS */;
UNLOCK TABLES;

--
-- Table structure for table `device_sensor`
--

DROP TABLE IF EXISTS `device_sensor`;
/*!40101 SET @saved_cs_client     = @@character_set_client */;
/*!40101 SET character_set_client = utf8 */;
CREATE TABLE `device_sensor` (
  `device_id` int(11) NOT NULL,
  `sensor_type` enum('Gyroscope','Thermometer','Barometer','Oscilloscope','Pressure Sensor','Blood Sensor','Pulse Sensor') NOT NULL,
  KEY `device_id_idx` (`device_id`),
  CONSTRAINT `fkds_device_id` FOREIGN KEY (`device_id`) REFERENCES `device` (`device_id`) ON DELETE NO ACTION ON UPDATE NO ACTION
) ENGINE=InnoDB DEFAULT CHARSET=utf8;
/*!40101 SET character_set_client = @saved_cs_client */;

--
-- Dumping data for table `device_sensor`
--

LOCK TABLES `device_sensor` WRITE;
/*!40000 ALTER TABLE `device_sensor` DISABLE KEYS */;
INSERT INTO `device_sensor` VALUES (1,'Thermometer'),(1,'Thermometer'),(1,'Gyroscope'),(1,'Barometer'),(1,'Pressure Sensor'),(1,'Pulse Sensor'),(2,'Thermometer'),(2,'Gyroscope'),(2,'Barometer'),(2,'Pressure Sensor'),(2,'Pulse Sensor'),(3,'Thermometer'),(3,'Gyroscope'),(3,'Barometer'),(3,'Pressure Sensor'),(3,'Pulse Sensor'),(4,'Thermometer'),(4,'Gyroscope'),(4,'Barometer'),(4,'Pressure Sensor'),(4,'Pulse Sensor'),(5,'Thermometer'),(5,'Gyroscope'),(5,'Barometer'),(5,'Pressure Sensor'),(5,'Pulse Sensor'),(6,'Thermometer'),(6,'Gyroscope'),(6,'Barometer'),(6,'Pressure Sensor'),(6,'Pulse Sensor'),(7,'Thermometer'),(7,'Gyroscope'),(7,'Barometer'),(7,'Pressure Sensor'),(7,'Pulse Sensor'),(8,'Thermometer'),(8,'Gyroscope'),(8,'Barometer'),(8,'Pressure Sensor'),(8,'Pulse Sensor'),(9,'Thermometer'),(9,'Gyroscope'),(9,'Barometer'),(9,'Pressure Sensor'),(9,'Pulse Sensor'),(10,'Thermometer'),(10,'Gyroscope'),(10,'Barometer'),(10,'Pressure Sensor'),(10,'Pulse Sensor'),(10,'Blood Sensor'),(11,'Blood Sensor'),(12,'Blood Sensor'),(13,'Blood Sensor'),(14,'Thermometer'),(14,'Gyroscope'),(14,'Pulse Sensor'),(15,'Thermometer'),(15,'Gyroscope'),(15,'Pulse Sensor'),(16,'Thermometer'),(16,'Gyroscope'),(16,'Pulse Sensor'),(17,'Thermometer'),(17,'Gyroscope'),(17,'Pulse Sensor'),(18,'Thermometer'),(18,'Gyroscope'),(18,'Pulse Sensor'),(18,'Thermometer'),(18,'Pressure Sensor'),(18,'Pulse Sensor'),(18,'Thermometer'),(18,'Gyroscope'),(18,'Pulse Sensor'),(19,'Thermometer'),(19,'Pressure Sensor'),(19,'Pulse Sensor'),(20,'Thermometer'),(20,'Pressure Sensor'),(20,'Pulse Sensor'),(21,'Gyroscope'),(21,'Oscilloscope'),(21,'Pulse Sensor'),(21,'Pressure Sensor'),(22,'Gyroscope'),(22,'Oscilloscope'),(22,'Pulse Sensor'),(22,'Pressure Sensor'),(23,'Gyroscope'),(23,'Oscilloscope'),(23,'Pulse Sensor'),(23,'Pressure Sensor'),(24,'Gyroscope'),(24,'Oscilloscope'),(24,'Pulse Sensor'),(24,'Pressure Sensor'),(25,'Gyroscope'),(25,'Oscilloscope'),(25,'Pulse Sensor'),(25,'Pressure Sensor'),(26,'Gyroscope'),(26,'Oscilloscope'),(26,'Pulse Sensor'),(26,'Pressure Sensor'),(27,'Gyroscope'),(27,'Oscilloscope'),(27,'Pulse Sensor'),(27,'Pressure Sensor'),(28,'Gyroscope'),(28,'Oscilloscope'),(28,'Pulse Sensor'),(28,'Pressure Sensor'),(29,'Gyroscope'),(29,'Oscilloscope'),(29,'Pulse Sensor'),(29,'Pressure Sensor');
/*!40000 ALTER TABLE `device_sensor` ENABLE KEYS */;
UNLOCK TABLES;

--
-- Table structure for table `doctor`
--

DROP TABLE IF EXISTS `doctor`;
/*!40101 SET @saved_cs_client     = @@character_set_client */;
/*!40101 SET character_set_client = utf8 */;
CREATE TABLE `doctor` (
  `doctor_id` int(11) NOT NULL AUTO_INCREMENT,
  `username` varchar(50) NOT NULL,
  `password` varchar(50) NOT NULL,
  `firstname` varchar(50) NOT NULL,
  `lastname` varchar(50) NOT NULL,
  `telephone_number` varchar(50) NOT NULL,
  `email` varchar(50) NOT NULL,
  `medical_specialty` varchar(50) NOT NULL,
  `city` varchar(50) DEFAULT NULL,
  `street` varchar(50) DEFAULT NULL,
  `zip` varchar(10) DEFAULT NULL,
  PRIMARY KEY (`doctor_id`),
  UNIQUE KEY `user_id_UNIQUE` (`doctor_id`),
  UNIQUE KEY `username_UNIQUE` (`username`),
  UNIQUE KEY `email_UNIQUE` (`email`),
  UNIQUE KEY `telephone_number_UNIQUE` (`telephone_number`)
) ENGINE=InnoDB AUTO_INCREMENT=191 DEFAULT CHARSET=utf8;
/*!40101 SET character_set_client = @saved_cs_client */;

--
-- Dumping data for table `doctor`
--

LOCK TABLES `doctor` WRITE;
/*!40000 ALTER TABLE `doctor` DISABLE KEYS */;
INSERT INTO `doctor` VALUES (1,'doctorEd1','I8W13MS46','Ed','Austin','+306977606361','doctorEd1@gmail.com','Gastroenterologists','Boston',NULL,'80428'),(2,'doctorGigi3','B2TVO1EBM','Gigi','Griffin','+306994408434','doctorGigi3@gmail.com','Osteopaths','Rome',NULL,'16653'),(3,'doctorPedro4','LX72JMDT8','Pedro','Evans','+306939223093','doctorPedro4@gmail.com','Endocrinologist','Lisbon',NULL,'41983'),(4,'doctorAlex5','GKK5D15MI','Alex','Heart','+306912890166','doctorAlex5@gmail.com','Endocrinologist','St.Petersburg',NULL,'59956'),(5,'doctorMaria6','B55J4B149','Maria','Papa','+306946781556','doctorMaria6@gmail.com','Osteopaths','Moscow',NULL,'73830'),(6,'doctorSiri7','PQFORG4BJ','Siri','Ramirez','+306995237283','doctorSiri7@gmail.com','Nephrologists','Rome',NULL,'89281'),(7,'doctorMaria8','RVK4BX5U7','Maria','Greco','+306935841752','doctorMaria8@gmail.com','Pediatricians','Barcelona',NULL,'24917'),(8,'doctorPepe9','VSU03WIBU','Pepe','Davis','+306993496915','doctorPepe9@gmail.com','Surgeon','Moscow',NULL,'56744'),(9,'doctorJeremy10','NTNQVDGJ0','Jeremy','Evans','+306959959322','doctorJeremy10@gmail.com','Endocrinologist','New York',NULL,'8968'),(10,'doctorDJ11','YFNQCCEYZ','DJ','Papadopoulos','+306919305870','doctorDJ11@gmail.com','Pathologists','Milano',NULL,'74608'),(11,'doctorAlex12','E4XGJO4O8','Alex','Simpson','+306916651388','doctorAlex12@gmail.com','Orthopedic','Mexico City',NULL,'46139'),(12,'doctorStephan13','HYHNIZFU','Stephan','Evans','+306925339334','doctorStephan13@gmail.com','Nephrologists','Upsala',NULL,'6870'),(13,'doctorLex14','6FFMON2R2','Lex','Whesley','+306976742507','doctorLex14@gmail.com','Pediatricians','Madrid',NULL,'95934'),(14,'doctorPedro15','CWWTQPXLB','Pedro','Greco','+30697694537','doctorPedro15@gmail.com','Pathologists','Thessaloniki',NULL,'59060'),(15,'doctorPepe16','JDDS9XPVB','Pepe','Papa','+30698245169','doctorPepe16@gmail.com','Surgeon','Athens',NULL,'7498'),(16,'doctorShawn17','EID1YKZMR','Shawn','Peterson','+306918142238','doctorShawn17@gmail.com','Gastroenterologists','Milano',NULL,'60309'),(17,'doctorAlex18','2NBRCWAI6','Alex','Papadopoulos','+306965975684','doctorAlex18@gmail.com','Endocrinologist','New York',NULL,'79054'),(18,'doctorShawn19','OI5HCFVRY','Shawn','Pepe','+306975451711','doctorShawn19@gmail.com','Gastroenterologists','Lisbon',NULL,'14341'),(19,'doctorLexa20','EM9Z73LP0','Lexa','Alvarez','+306979331507','doctorLexa20@gmail.com','Nephrologists','Patra',NULL,'34545'),(20,'doctorGigi21','21RV13RUN','Gigi','Papa','+306970302404','doctorGigi21@gmail.com','Cardiologist','Barcelona',NULL,'29700'),(21,'doctorStef22','6I5UQYIZF','Stef','Pepe','+306913517502','doctorStef22@gmail.com','Gastroenterologists','Heraklion',NULL,'44869'),(22,'doctorKim23','QF86F43RW','Kim','Simpson','+306956680302','doctorKim23@gmail.com','Physician','London',NULL,'35244'),(23,'doctorAlexa24','5KYYOO2FP','Alexa','Whesley','+306942849009','doctorAlexa24@gmail.com','Surgeon','St.Petersburg',NULL,'41612'),(24,'doctorKim25','XU9FVIZV2','Kim','Heart','+306944204142','doctorKim25@gmail.com','Gastroenterologists','Upsala',NULL,'2329'),(25,'doctorJax26','XZG0LCV7Z','Jax','Potter','+306992473686','doctorJax26@gmail.com','Orthopedic','Athens',NULL,'86808'),(26,'doctorGeorge27','V8CI22L0Q','George','Alvarez','+306929756009','doctorGeorge27@gmail.com','Gastroenterologists','London',NULL,'27057'),(27,'doctorPepe28','WRSIR1OEV','Pepe','Griffin','+306971358990','doctorPepe28@gmail.com','Osteopaths','Rome',NULL,'74858'),(28,'doctorKim29','19XVGTG1V','Kim','Pepe','+306967526926','doctorKim29@gmail.com','Surgeon','Heraklion',NULL,'93121'),(29,'doctorPepe30','OU71WZ34W','Pepe','Potter','+306923557663','doctorPepe30@gmail.com','Osteopaths','Milano',NULL,'41031'),(30,'doctorJeremy32','JK4OSDL3Y','Jeremy','Griffin','+306915207542','doctorJeremy32@gmail.com','Pathologists','Patra',NULL,'25793'),(31,'doctorDJ33','EDKPMNIMS','DJ','Whesley','+30695364725','doctorDJ33@gmail.com','Pathologists','Lisbon',NULL,'5871'),(32,'doctorJeremy35','FYC76ECR8','Jeremy','Papamichael','+306981201001','doctorJeremy35@gmail.com','Pathologists','Stockholm',NULL,'51978'),(33,'doctorMariah36','W52INKGOV','Mariah','Peterson','+306989910834','doctorMariah36@gmail.com','Gastroenterologists','Madrid',NULL,'42277'),(34,'doctorAxel37','HYHV8I5P5','Axel','Heart','+30695951170','doctorAxel37@gmail.com','Orthopedic','Lisbon',NULL,'55451'),(35,'doctorGeorge38','IB0KEP3D2','George','Papadopoulos','+306960023353','doctorGeorge38@gmail.com','Physician','Lisbon',NULL,'50426'),(36,'doctorGigi39','BN90HSHMV','Gigi','Rose','+306982263256','doctorGigi39@gmail.com','Endocrinologist','Thessaloniki',NULL,'85775'),(37,'doctorMariah40','JYZN7BNDR','Mariah','Brooks','+306931246227','doctorMariah40@gmail.com','Physician','St.Petersburg',NULL,'77601'),(38,'doctorPaul41','M0U1MITWX','Paul','Brooks','+30699441370','doctorPaul41@gmail.com','Physician','Lisbon',NULL,'30678'),(39,'doctorJohn42','X3OMSQFO0','John','Papa','+306953468174','doctorJohn42@gmail.com','Endocrinologist','Mexico City',NULL,'20589'),(40,'doctorMariah43','LCN0W5KON','Mariah','Pepe','+306939016761','doctorMariah43@gmail.com','Physician','Thessaloniki',NULL,'10909'),(41,'doctorAxel44','V7NYUFPKE','Axel','Ranger','+306934679290','doctorAxel44@gmail.com','Allergists','Lisbon',NULL,'92781'),(42,'doctorGigi45','ON4B3NI55','Gigi','Greco','+306956346167','doctorGigi45@gmail.com','Nephrologists','Barcelona',NULL,'31179'),(43,'doctorGigi46','DHNV474G3','Gigi','Griffin','+306977692969','doctorGigi46@gmail.com','Physician','Boston',NULL,'77553'),(44,'doctorNick47','HTBC528AR','Nick','Ali','+306919426350','doctorNick47@gmail.com','Osteopaths','Upsala',NULL,'94228'),(45,'doctorAxel48','PD50KNZ4','Axel','Whesley','+306964052846','doctorAxel48@gmail.com','Nephrologists','Rome',NULL,'38480'),(46,'doctorKim49','YAPIRLBGT','Kim','Stevenson','+306961985184','doctorKim49@gmail.com','Endocrinologist','Athens',NULL,'9717'),(47,'doctorStephan50','V4L3C9FBL','Stephan','Papamichael','+306917767383','doctorStephan50@gmail.com','Cardiologist','Heraklion',NULL,'33144'),(48,'doctorEddie51','YVIK12P3I','Eddie','Ali','+30692881369','doctorEddie51@gmail.com','Physician','Heraklion',NULL,'36571'),(49,'doctorPepe53','KKF0PXEA2','Pepe','Rose','+306961104700','doctorPepe53@gmail.com','Allergists','Madrid',NULL,'83425'),(50,'doctorPepe54','GCIP00ZNU','Pepe','Papamichael','+306996879397','doctorPepe54@gmail.com','Endocrinologist','Milano',NULL,'7413'),(51,'doctorPepe55','OMFBPN3CN','Pepe','Curry','+30691082887','doctorPepe55@gmail.com','Pediatricians','Barcelona',NULL,'86790'),(52,'doctorLex56','1BGOQ7UEB','Lex','Simpson','+306914776250','doctorLex56@gmail.com','Osteopaths','New York',NULL,'11712'),(53,'doctorGiaccomo57','N0PNOVYPV','Giaccomo','Peterson','+306970632590','doctorGiaccomo57@gmail.com','Cardiologist','Barcelona',NULL,'98190'),(54,'doctorJax58','JWN6H38T4','Jax','Heart','+30698834204','doctorJax58@gmail.com','Cardiologist','Barcelona',NULL,'55814'),(55,'doctorSiri60','QZQA8XK55','Siri','Pap','+306932273252','doctorSiri60@gmail.com','Surgeon','Milano',NULL,'84503'),(56,'doctorJax61','UHM0HZH6X','Jax','Pap','+306934863655','doctorJax61@gmail.com','Nephrologists','Moscow',NULL,'55071'),(57,'doctorEd62','MVFZ8TJY0','Ed','Ramirez','+306977498521','doctorEd62@gmail.com','Physician','Milano',NULL,'21848'),(58,'doctorAxel63','70B3PIXYD','Axel','Texas','+306982901644','doctorAxel63@gmail.com','Pathologists','Madrid',NULL,'44029'),(59,'doctorDJ64','P7FQNNXRD','DJ','Rose','+306982012660','doctorDJ64@gmail.com','Dermatologist','Athens',NULL,'54599'),(60,'doctorPaul65','IMILA4EXH','Paul','Heart','+306961358370','doctorPaul65@gmail.com','Physician','Paris',NULL,'40911'),(61,'doctorJax66','JMUD2IIO','Jax','Alvarez','+306960753874','doctorJax66@gmail.com','Pathologists','London',NULL,'40755'),(62,'doctorJeremy67','JIYD78G16','Jeremy','Brooks','+306919694264','doctorJeremy67@gmail.com','Surgeon','Heraklion',NULL,'81046'),(63,'doctorJax68','YZ6T8RR5G','Jax','Simpson','+306916209703','doctorJax68@gmail.com','Dermatologist','Mexico City',NULL,'82965'),(64,'doctorJohn69','XNSC22YDL','John','Brooks','+306921965726','doctorJohn69@gmail.com','Dermatologist','New York',NULL,'71686'),(65,'doctorAlexa70','PNJLCTABI','Alexa','Ranger','+306961199523','doctorAlexa70@gmail.com','Dermatologist','Stockholm',NULL,'9536'),(66,'doctorEddie71','RBM7QKPST','Eddie','Alvarez','+306940100442','doctorEddie71@gmail.com','Allergists','Madrid',NULL,'32622'),(67,'doctorGigi72','RMYNBHIN9','Gigi','Evans','+306916903643','doctorGigi72@gmail.com','Gastroenterologists','Moscow',NULL,'34501'),(68,'doctorPedro73','BCA5TETMB','Pedro','Austin','+306964216895','doctorPedro73@gmail.com','Physician','Barcelona',NULL,'74640'),(69,'doctorPaul74','UW2UH79I','Paul','Ali','+306970373547','doctorPaul74@gmail.com','Pediatricians','Paris',NULL,'69698'),(70,'doctorShawn75','EAVQ38P58','Shawn','Pap','+306959217055','doctorShawn75@gmail.com','Allergists','New York',NULL,'24572'),(71,'doctorGiaccomo76','B1KGBNSBR','Giaccomo','Papadopoulos','+306984964638','doctorGiaccomo76@gmail.com','Nephrologists','Rome',NULL,'13765'),(72,'doctorMichael77','G7LM9FQXC','Michael','Curry','+306947172026','doctorMichael77@gmail.com','Allergists','New York',NULL,'95109'),(73,'doctorEd78','GM01P7ZOL','Ed','Pap','+306980966223','doctorEd78@gmail.com','Physician','Barcelona',NULL,'34252'),(74,'doctorJohn79','987C7D7JJ','John','Heart','+306963315037','doctorJohn79@gmail.com','Dermatologist','Lisbon',NULL,'85934'),(75,'doctorMichael80','IZ8VZT5MY','Michael','Greco','+306973676522','doctorMichael80@gmail.com','Osteopaths','Patra',NULL,'26915'),(76,'doctorDJ82','8CU2PXDBK','DJ','Austin','+306978437500','doctorDJ82@gmail.com','Cardiologist','St.Petersburg',NULL,'76774'),(77,'doctorMariah83','2UR0KXAM0','Mariah','Griffin','+306971157939','doctorMariah83@gmail.com','Osteopaths','Mexico City',NULL,'3124'),(78,'doctorJeremy85','JTTGSHZVA','Jeremy','Davis','+306920477199','doctorJeremy85@gmail.com','Cardiologist','Upsala',NULL,'85299'),(79,'doctorSiri86','88SP123B1','Siri','Ali','+306988912180','doctorSiri86@gmail.com','Endocrinologist','Milano',NULL,'17122'),(80,'doctorMaria87','AGL7Q70MP','Maria','Ranger','+306983129306','doctorMaria87@gmail.com','Dermatologist','Rome',NULL,'29715'),(81,'doctorJohn88','VDU5M6UU7','John','Papa','+306948909993','doctorJohn88@gmail.com','Pathologists','Stockholm',NULL,'97208'),(82,'doctorMichael89','TDI7P9Z09','Michael','Whesley','+306995162050','doctorMichael89@gmail.com','Pediatricians','Rome',NULL,'96897'),(83,'doctorMichael90','42089YHKZ','Michael','Stevenson','+306929080275','doctorMichael90@gmail.com','Surgeon','Heraklion',NULL,'92863'),(84,'doctorGiaccomo92','754AOTR5P','Giaccomo','Peterson','+306959915227','doctorGiaccomo92@gmail.com','Pediatricians','Rome',NULL,'73622'),(85,'doctorNick93','U7Y1MU6OX','Nick','Pepe','+306912335317','doctorNick93@gmail.com','Pathologists','Patra',NULL,'89520'),(86,'doctorStephan94','Q7FVIPVKI','Stephan','Greco','+306981930905','doctorStephan94@gmail.com','Endocrinologist','Moscow',NULL,'26737'),(87,'doctorShawn95','1EL8LP4OJ','Shawn','Austin','+306972648577','doctorShawn95@gmail.com','Gastroenterologists','London',NULL,'65124'),(88,'doctorAxel96','SVT4Q9V4I','Axel','Papa','+306917450173','doctorAxel96@gmail.com','Endocrinologist','New York',NULL,'45410'),(89,'doctorPepe97','C1I0JNFXL','Pepe','Papa','+306969305139','doctorPepe97@gmail.com','Dermatologist','Upsala',NULL,'31680'),(90,'doctorMaria98','KYM51ZQ38','Maria','Greco','+306994175181','doctorMaria98@gmail.com','Pediatricians','Thessaloniki',NULL,'22169'),(91,'doctorGeorge99','WHYRSUUTD','George','Papamichael','+306962960491','doctorGeorge99@gmail.com','Dermatologist','Patra',NULL,'15804'),(92,'doctorMichael100','HGE1KVF3H','Michael','Papamichael','+306932276917','doctorMichael100@gmail.com','Osteopaths','St.Petersburg',NULL,'12516'),(93,'doctorDJ101','KRZSY4N27','DJ','Curry','+306972503113','doctorDJ101@gmail.com','Physician','Thessaloniki',NULL,'15170'),(94,'doctorAlexander102','KT5J9QYW8','Alexander','Alvarez','+306965684818','doctorAlexander102@gmail.com','Pathologists','London',NULL,'38300'),(95,'doctorLex104','2D622LUDU','Lex','Ranger','+306910914756','doctorLex104@gmail.com','Cardiologist','St.Petersburg',NULL,'45990'),(96,'doctorDJ105','CDMNOI3K2','DJ','Rose','+306957519328','doctorDJ105@gmail.com','Physician','Milano',NULL,'15052'),(97,'doctorMichael106','EBQFGFWRG','Michael','Greco','+306954852377','doctorMichael106@gmail.com','Dermatologist','St.Petersburg',NULL,'37291'),(98,'doctorGeorge107','3GEPE8FDH','George','Evans','+30691703905','doctorGeorge107@gmail.com','Orthopedic','Lisbon',NULL,'41298'),(99,'doctorPaul108','45AKHGOHV','Paul','Pepe','+306943962396','doctorPaul108@gmail.com','Pediatricians','London',NULL,'94619'),(100,'doctorEddie109','BDHHGJS3K','Eddie','Simpson','+306914700268','doctorEddie109@gmail.com','Allergists','Rome',NULL,'49203'),(101,'doctorLex110','7KREVC589','Lex','Papa','+306941614155','doctorLex110@gmail.com','Pathologists','Boston',NULL,'62157'),(102,'doctorStephan111','4LJ1L1TIW','Stephan','Griffin','+306963969976','doctorStephan111@gmail.com','Allergists','Milano',NULL,'63174'),(103,'doctorGeorge112','P6NWOA4ZD','George','Pap','+306995007420','doctorGeorge112@gmail.com','Surgeon','Barcelona',NULL,'29403'),(104,'doctorStef113','IDTDTJ251','Stef','Ramirez','+306983127174','doctorStef113@gmail.com','Pediatricians','Athens',NULL,'57494'),(105,'doctorShawn114','Z2XG7IBRQ','Shawn','Stevenson','+306930613614','doctorShawn114@gmail.com','Dermatologist','Upsala',NULL,'99259'),(106,'doctorEd115','JP21XQSFS','Ed','Alvarez','+30693686551','doctorEd115@gmail.com','Nephrologists','Boston',NULL,'23814'),(107,'doctorAlex116','IJL7K7F7C','Alex','Texas','+306926591916','doctorAlex116@gmail.com','Pediatricians','Mexico City',NULL,'21294'),(108,'doctorPedro117','ASQ9L0UNL','Pedro','Ramirez','+306921899933','doctorPedro117@gmail.com','Cardiologist','Paris',NULL,'35029'),(109,'doctorMariah118','L4BXVQGQV','Mariah','Ali','+306929723918','doctorMariah118@gmail.com','Endocrinologist','Boston',NULL,'11262'),(110,'doctorJeremy119','1YZ2GPOXM','Jeremy','Greco','+306982919797','doctorJeremy119@gmail.com','Gastroenterologists','Heraklion',NULL,'51225'),(111,'doctorGiaccomo120','C46TXHNMJ','Giaccomo','Ranger','+306925427235','doctorGiaccomo120@gmail.com','Pediatricians','Athens',NULL,'22340'),(112,'doctorJohn122','RVOGL2BZZ','John','Curry','+306978376787','doctorJohn122@gmail.com','Nephrologists','Heraklion',NULL,'58025'),(113,'doctorJax123','PIJBIPXHF','Jax','Alvarez','+306915602231','doctorJax123@gmail.com','Gastroenterologists','Thessaloniki',NULL,'23107'),(114,'doctorKim124','GF4CL9TX9','Kim','Papa','+306942880800','doctorKim124@gmail.com','Physician','Rome',NULL,'41459'),(115,'doctorAlexa125','K8FB7QG2M','Alexa','Ramirez','+306967597312','doctorAlexa125@gmail.com','Endocrinologist','Mexico City',NULL,'37974'),(116,'doctorMariah126','I92S0R6GI','Mariah','Ranger','+30699344160','doctorMariah126@gmail.com','Nephrologists','London',NULL,'65492'),(117,'doctorAlexander127','7W4ELCKF9','Alexander','Potter','+306943928871','doctorAlexander127@gmail.com','Orthopedic','New York',NULL,'13541'),(118,'doctorShawn128','F0VDMY134','Shawn','Greco','+306991611875','doctorShawn128@gmail.com','Pathologists','Barcelona',NULL,'71230'),(119,'doctorGiaccomo129','10JJ1LM92','Giaccomo','Potter','+306926272769','doctorGiaccomo129@gmail.com','Gastroenterologists','Stockholm',NULL,'15526'),(120,'doctorStef130','Q2XX6AZ2M','Stef','Curry','+306956528221','doctorStef130@gmail.com','Nephrologists','Stockholm',NULL,'63940'),(121,'doctorMichael131','VX839HK48','Michael','Whesley','+30693822802','doctorMichael131@gmail.com','Pathologists','Milano',NULL,'73121'),(122,'doctorPaul132','QWJDCUX51','Paul','Simpson','+306949529353','doctorPaul132@gmail.com','Dermatologist','St.Petersburg',NULL,'73789'),(123,'doctorMariah133','WW1250E6D','Mariah','Pap','+306936178360','doctorMariah133@gmail.com','Nephrologists','Moscow',NULL,'49581'),(124,'doctorGigi134','J8CKD7L4Y','Gigi','Stevenson','+306932303746','doctorGigi134@gmail.com','Gastroenterologists','Rome',NULL,'26540'),(125,'doctorNick135','HG5C9N367','Nick','Peterson','+306952983654','doctorNick135@gmail.com','Nephrologists','Madrid',NULL,'83959'),(126,'doctorSiri136','ISV7QA2UE','Siri','Potter','+306968007037','doctorSiri136@gmail.com','Endocrinologist','St.Petersburg',NULL,'40172'),(127,'doctorStef138','JWF4D8VDN','Stef','Heart','+306981084225','doctorStef138@gmail.com','Endocrinologist','Heraklion',NULL,'48985'),(128,'doctorStef139','2GGTE28QX','Stef','Rose','+30691400020','doctorStef139@gmail.com','Pathologists','Mexico City',NULL,'24409'),(129,'doctorShawn140','V8EDSD69C','Shawn','Potter','+306963747425','doctorShawn140@gmail.com','Gastroenterologists','Heraklion',NULL,'75090'),(130,'doctorSiri141','3E1BRAC20','Siri','Peterson','+306914537072','doctorSiri141@gmail.com','Pediatricians','Boston',NULL,'2225'),(131,'doctorJax142','A6R863Q68','Jax','Ranger','+306981443087','doctorJax142@gmail.com','Endocrinologist','Barcelona',NULL,'85855'),(132,'doctorShawn143','DXYGHHHTE','Shawn','Simpson','+306963604224','doctorShawn143@gmail.com','Orthopedic','Heraklion',NULL,'22600'),(133,'doctorAxel144','2KW75WOST','Axel','Pepe','+306973691864','doctorAxel144@gmail.com','Osteopaths','Stockholm',NULL,'55436'),(134,'doctorAxel145','ANJVD8PVV','Axel','Davis','+306977646649','doctorAxel145@gmail.com','Endocrinologist','Barcelona',NULL,'9381'),(135,'doctorLex146','E3PJ8JD5C','Lex','Simpson','+306967157657','doctorLex146@gmail.com','Physician','Stockholm',NULL,'80597'),(136,'doctorLexa147','MAUIXVFS5','Lexa','Ali','+30692848343','doctorLexa147@gmail.com','Surgeon','Barcelona',NULL,'74844'),(137,'doctorAristotle148','3UKBLK5G8','Aristotle','Simpson','+306912768747','doctorAristotle148@gmail.com','Gastroenterologists','Heraklion',NULL,'32430'),(138,'doctorStephan149','U2XM4N0DI','Stephan','Whesley','+306955298707','doctorStephan149@gmail.com','Allergists','Upsala',NULL,'37618'),(139,'doctorLex150','H1ASUNIC2','Lex','Heart','+306938187300','doctorLex150@gmail.com','Physician','Upsala',NULL,'90801'),(140,'doctorPedro151','F5FC1CPDO','Pedro','Papadopoulos','+306925040384','doctorPedro151@gmail.com','Surgeon','Mexico City',NULL,'41151'),(141,'doctorPedro152','JJ84ST0EA','Pedro','Griffin','+306910640021','doctorPedro152@gmail.com','Allergists','Lisbon',NULL,'33353'),(142,'doctorAxel153','P7EDW1WYV','Axel','Pap','+306978078959','doctorAxel153@gmail.com','Surgeon','Athens',NULL,'43312'),(143,'doctorStephan154','NKT1UI98W','Stephan','Griffin','+306958474735','doctorStephan154@gmail.com','Dermatologist','Heraklion',NULL,'16501'),(144,'doctorDJ155','57PQRT636','DJ','Stevenson','+306958136800','doctorDJ155@gmail.com','Endocrinologist','Heraklion',NULL,'52569'),(145,'doctorStef156','JC38NCV6B','Stef','Ramirez','+306915259801','doctorStef156@gmail.com','Dermatologist','Mexico City',NULL,'13343'),(146,'doctorStephan157','7W3REYJFL','Stephan','Ramirez','+30691888608','doctorStephan157@gmail.com','Dermatologist','New York',NULL,'9007'),(147,'doctorStef158','WBNF4IPB2','Stef','Rose','+306963663642','doctorStef158@gmail.com','Surgeon','Lisbon',NULL,'5010'),(148,'doctorEddie159','8V08V6S2O','Eddie','Pepe','+306912652387','doctorEddie159@gmail.com','Allergists','Paris',NULL,'98026'),(149,'doctorStephan160','S8ZLKMGIC','Stephan','Texas','+306972271013','doctorStephan160@gmail.com','Pediatricians','Moscow',NULL,'75103'),(150,'doctorAlexa162','I73DKCIB7','Alexa','Pepe','+306923397908','doctorAlexa162@gmail.com','Endocrinologist','Moscow',NULL,'81437'),(151,'doctorGiaccomo163','KAW9V7UAC','Giaccomo','Brooks','+3069176504','doctorGiaccomo163@gmail.com','Allergists','Paris',NULL,'81875'),(152,'doctorDJ164','WFNA8OHJ3','DJ','Simpson','+306930688802','doctorDJ164@gmail.com','Dermatologist','Patra',NULL,'65066'),(153,'doctorMichael165','V4BJXMD9I','Michael','Whesley','+306952914499','doctorMichael165@gmail.com','Dermatologist','Mexico City',NULL,'79706'),(154,'doctorAristotle166','MQOXM59PY','Aristotle','Curry','+306972506092','doctorAristotle166@gmail.com','Cardiologist','Boston',NULL,'3330'),(155,'doctorKim167','IOOC064S1','Kim','Stevenson','+30693786969','doctorKim167@gmail.com','Dermatologist','Paris',NULL,'77536'),(156,'doctorKim168','WIELU91V3','Kim','Curry','+30691416571','doctorKim168@gmail.com','Allergists','St.Petersburg',NULL,'77688'),(157,'doctorGigi169','NJ0JTU6NK','Gigi','Papa','+306995721954','doctorGigi169@gmail.com','Gastroenterologists','St.Petersburg',NULL,'55832'),(158,'doctorLex170','OYDJTJLO2','Lex','Peterson','+306974360058','doctorLex170@gmail.com','Allergists','Paris',NULL,'46098'),(159,'doctorPaul171','DSLS8WP4U','Paul','Austin','+306984634432','doctorPaul171@gmail.com','Pediatricians','Paris',NULL,'62995'),(160,'doctorEd172','PSSZ64AH0','Ed','Pepe','+306991988','doctorEd172@gmail.com','Gastroenterologists','Thessaloniki',NULL,'76682'),(161,'doctorLex174','J3222PTRG','Lex','Austin','+306946556651','doctorLex174@gmail.com','Gastroenterologists','New York',NULL,'94423'),(162,'doctorAristotle175','J4U7S8ORM','Aristotle','Potter','+306932507292','doctorAristotle175@gmail.com','Pediatricians','Rome',NULL,'42072'),(163,'doctorKim176','QWAX3HY4T','Kim','Brooks','+306922866513','doctorKim176@gmail.com','Cardiologist','Mexico City',NULL,'27091'),(164,'doctorStephan177','YCKPT0PTS','Stephan','Potter','+306916810693','doctorStephan177@gmail.com','Osteopaths','Athens',NULL,'9238'),(165,'doctorGigi178','D9OW3HHRE','Gigi','Texas','+306915453927','doctorGigi178@gmail.com','Gastroenterologists','Madrid',NULL,'64919'),(166,'doctorLex179','8XP2TZJCC','Lex','Greco','+306926837560','doctorLex179@gmail.com','Endocrinologist','Upsala',NULL,'96881'),(167,'doctorPedro180','9D154562Q','Pedro','Griffin','+306987826024','doctorPedro180@gmail.com','Physician','Stockholm',NULL,'89647'),(168,'doctorAlexa181','QW5XJZ0YV','Alexa','Ranger','+306958617443','doctorAlexa181@gmail.com','Surgeon','London',NULL,'57595'),(169,'doctorStephan182','PLSFMAG7F','Stephan','Heart','+306929609147','doctorStephan182@gmail.com','Pathologists','Athens',NULL,'19033'),(170,'doctorPaul183','VSRN2T6UW','Paul','Alvarez','+306972193408','doctorPaul183@gmail.com','Cardiologist','Barcelona',NULL,'22381'),(171,'doctorGigi184','77CXV47QF','Gigi','Rose','+306972139603','doctorGigi184@gmail.com','Dermatologist','Rome',NULL,'54806'),(172,'doctorMichael185','C4QH0D2UT','Michael','Rose','+306944117796','doctorMichael185@gmail.com','Endocrinologist','Boston',NULL,'6889'),(173,'doctorAlex186','3DMOBFL95','Alex','Ranger','+30694170173','doctorAlex186@gmail.com','Dermatologist','Rome',NULL,'70027'),(174,'doctorAxel187','CBNAF0G2B','Axel','Davis','+306988497480','doctorAxel187@gmail.com','Pediatricians','Paris',NULL,'29467'),(175,'doctorLex188','8NGN1JH0H','Lex','Papa','+306929976887','doctorLex188@gmail.com','Endocrinologist','Thessaloniki',NULL,'37255'),(176,'doctorLex189','DYGHVV6UQ','Lex','Papamichael','+306984391996','doctorLex189@gmail.com','Physician','Rome',NULL,'97874');
/*!40000 ALTER TABLE `doctor` ENABLE KEYS */;
UNLOCK TABLES;

--
-- Table structure for table `doctor_supervises_user`
--

DROP TABLE IF EXISTS `doctor_supervises_user`;
/*!40101 SET @saved_cs_client     = @@character_set_client */;
/*!40101 SET character_set_client = utf8 */;
CREATE TABLE `doctor_supervises_user` (
  `doctor_id` int(11) NOT NULL,
  `user_id` int(11) NOT NULL,
  PRIMARY KEY (`doctor_id`,`user_id`),
  KEY `user_id_idx` (`user_id`),
  CONSTRAINT `fkdsu_doctor_id` FOREIGN KEY (`doctor_id`) REFERENCES `doctor` (`doctor_id`) ON DELETE NO ACTION ON UPDATE NO ACTION,
  CONSTRAINT `fkdsu_user_id` FOREIGN KEY (`user_id`) REFERENCES `user` (`user_id`) ON DELETE NO ACTION ON UPDATE NO ACTION
) ENGINE=InnoDB DEFAULT CHARSET=utf8;
/*!40101 SET character_set_client = @saved_cs_client */;

--
-- Dumping data for table `doctor_supervises_user`
--

LOCK TABLES `doctor_supervises_user` WRITE;
/*!40000 ALTER TABLE `doctor_supervises_user` DISABLE KEYS */;
INSERT INTO `doctor_supervises_user` VALUES (2,129),(2,217),(2,360),(2,507),(2,707),(2,919),(3,91),(3,109),(3,381),(3,839),(4,52),(4,520),(4,563),(4,586),(5,54),(5,205),(5,212),(5,315),(5,417),(5,782),(7,765),(9,157),(9,381),(9,481),(9,852),(9,1024),(11,14),(11,36),(11,97),(11,111),(11,128),(11,164),(11,192),(11,311),(11,453),(11,654),(11,748),(12,99),(15,510),(17,93),(17,170),(17,384),(17,710),(17,1076),(18,147),(20,3),(20,6),(20,112),(20,118),(20,188),(20,233),(20,416),(20,429),(20,482),(20,502),(20,592),(20,722),(20,725),(20,742),(20,914),(20,942),(20,1064),(20,1075),(20,1088),(21,58),(23,984),(25,97),(25,105),(25,418),(25,522),(25,689),(25,1112),(27,387),(27,629),(27,730),(28,977),(29,111),(29,131),(29,223),(29,387),(29,393),(29,402),(29,409),(29,499),(29,576),(31,246),(31,1025),(33,807),(34,128),(34,549),(35,754),(39,198),(39,725),(40,114),(40,802),(40,1044),(41,369),(41,383),(41,1110),(44,131),(44,343),(44,507),(44,530),(44,567),(44,974),(45,133),(46,140),(46,492),(46,869),(47,8),(47,132),(47,186),(47,203),(47,233),(47,328),(47,339),(47,516),(47,558),(47,560),(47,592),(47,613),(47,708),(47,753),(47,789),(47,1002),(47,1061),(47,1064),(48,998),(50,226),(50,623),(50,1001),(52,68),(52,180),(52,198),(52,320),(52,528),(52,532),(52,572),(52,622),(52,940),(53,3),(53,29),(53,80),(53,188),(53,203),(53,206),(53,219),(53,244),(53,250),(53,251),(53,313),(53,352),(53,425),(53,462),(53,571),(53,592),(53,759),(53,897),(53,971),(53,1074),(53,1089),(54,8),(54,56),(54,214),(54,437),(54,464),(54,564),(54,592),(54,598),(54,609),(54,659),(54,674),(54,729),(54,928),(54,981),(54,1002),(54,1003),(54,1019),(56,997),(58,469),(60,617),(61,922),(64,75),(69,721),(71,897),(74,319),(75,97),(75,625),(75,700),(75,940),(76,5),(76,12),(76,304),(76,328),(76,357),(76,416),(76,435),(76,617),(76,722),(76,759),(76,784),(76,813),(76,850),(76,914),(77,160),(77,656),(78,3),(78,22),(78,84),(78,127),(78,508),(78,547),(78,564),(78,597),(78,613),(78,618),(78,720),(78,759),(78,835),(78,1048),(78,1094),(79,1118),(84,323),(86,420),(88,75),(88,254),(88,792),(88,865),(88,920),(90,526),(92,62),(92,372),(92,397),(92,625),(94,850),(95,6),(95,8),(95,179),(95,282),(95,295),(95,349),(95,395),(95,445),(95,481),(95,533),(95,554),(95,673),(95,808),(95,905),(95,914),(95,949),(95,1002),(95,1068),(95,1085),(98,38),(98,283),(98,368),(98,1041),(107,786),(108,3),(108,29),(108,186),(108,216),(108,278),(108,295),(108,349),(108,464),(108,536),(108,613),(108,679),(108,755),(108,789),(108,943),(108,960),(109,135),(109,287),(109,1069),(111,327),(115,160),(116,160),(117,223),(117,268),(117,372),(117,629),(117,877),(118,38),(118,1024),(121,121),(126,449),(126,757),(126,891),(126,976),(127,785),(127,796),(127,977),(127,1022),(128,256),(130,830),(131,32),(131,360),(131,699),(131,992),(132,14),(132,88),(132,1020),(133,191),(133,205),(133,572),(134,103),(134,385),(134,469),(134,699),(134,957),(135,754),(137,376),(139,25),(143,758),(143,1027),(144,340),(144,757),(146,304),(150,340),(150,566),(150,575),(150,976),(151,823),(154,2),(154,5),(154,188),(154,235),(154,244),(154,249),(154,349),(154,501),(154,724),(154,742),(154,808),(154,1088),(154,1094),(155,617),(156,932),(157,423),(158,730),(159,636),(159,661),(160,509),(163,29),(163,110),(163,429),(163,473),(163,501),(163,533),(163,598),(163,621),(163,635),(163,662),(163,708),(163,742),(163,759),(163,812),(163,915),(163,917),(163,1013),(163,1061),(164,191),(164,215),(164,290),(164,951),(165,382),(165,767),(166,472),(166,953),(166,1104),(169,568),(170,104),(170,258),(170,277),(170,294),(170,353),(170,784),(170,898),(170,960),(170,1055),(170,1064),(170,1072),(170,1084),(172,391),(172,792),(172,796),(172,1039),(175,439),(175,953),(176,384);
/*!40000 ALTER TABLE `doctor_supervises_user` ENABLE KEYS */;
UNLOCK TABLES;

--
-- Temporary table structure for view `doctors_patients`
--

DROP TABLE IF EXISTS `doctors_patients`;
/*!50001 DROP VIEW IF EXISTS `doctors_patients`*/;
SET @saved_cs_client     = @@character_set_client;
SET character_set_client = utf8;
/*!50001 CREATE TABLE `doctors_patients` (
  `d_firstname` tinyint NOT NULL,
  `d_lastname` tinyint NOT NULL,
  `u_firstname` tinyint NOT NULL,
  `u_lastname` tinyint NOT NULL
) ENGINE=MyISAM */;
SET character_set_client = @saved_cs_client;

--
-- Table structure for table `general_metrics`
--

DROP TABLE IF EXISTS `general_metrics`;
/*!40101 SET @saved_cs_client     = @@character_set_client */;
/*!40101 SET character_set_client = utf8 */;
CREATE TABLE `general_metrics` (
  `metric_id` int(11) NOT NULL AUTO_INCREMENT,
  `user_id` int(11) NOT NULL,
  `device_id` int(11) NOT NULL,
  `steps` int(11) DEFAULT NULL,
  `REM_sleep` int(11) DEFAULT NULL,
  `NoREM_sleep` int(11) DEFAULT NULL,
  `temperature` float DEFAULT NULL,
  `date` date NOT NULL,
  `time` time NOT NULL,
  `calories` int(11) DEFAULT NULL,
  PRIMARY KEY (`metric_id`),
  UNIQUE KEY `metric_id_UNIQUE` (`metric_id`),
  KEY `user_id_idx` (`user_id`),
  KEY `device_id_idx` (`device_id`),
  CONSTRAINT `fkgm_device_id` FOREIGN KEY (`device_id`) REFERENCES `device` (`device_id`) ON DELETE NO ACTION ON UPDATE NO ACTION,
  CONSTRAINT `fkgm_user_id` FOREIGN KEY (`user_id`) REFERENCES `user` (`user_id`) ON DELETE NO ACTION ON UPDATE NO ACTION
) ENGINE=InnoDB AUTO_INCREMENT=133 DEFAULT CHARSET=utf8;
/*!40101 SET character_set_client = @saved_cs_client */;

--
-- Dumping data for table `general_metrics`
--

LOCK TABLES `general_metrics` WRITE;
/*!40000 ALTER TABLE `general_metrics` DISABLE KEYS */;
INSERT INTO `general_metrics` VALUES (1,238,6,1486,4,4,39.6936,'2019-12-15','10:00:00',1034),(2,238,6,3904,1,1,38.9856,'2019-12-15','22:00:00',1372),(3,569,2,1294,6,4,38.1144,'2019-12-15','10:00:00',1005),(4,569,2,3406,1,1,39.9046,'2019-12-15','22:00:00',1079),(5,808,18,1568,4,6,36.4261,'2019-12-15','10:00:00',1008),(6,808,18,2160,1,1,37.4528,'2019-12-15','22:00:00',1105),(7,514,7,1466,6,8,36.9174,'2019-12-15','10:00:00',1023),(8,514,7,2985,1,1,36.9218,'2019-12-15','22:00:00',1253),(9,571,18,1060,2,4,36.9263,'2019-12-15','10:00:00',1092),(10,571,18,3871,1,1,39.136,'2019-12-15','22:00:00',1827),(11,27,1,1680,2,6,39.7622,'2019-12-15','10:00:00',1036),(12,27,1,3986,1,1,37.6694,'2019-12-15','22:00:00',1855),(13,27,4,1896,6,8,37.9459,'2019-12-15','10:00:00',1090),(14,27,4,2180,1,1,38.0064,'2019-12-15','22:00:00',1510),(15,465,2,1965,3,5,38.6785,'2019-12-15','10:00:00',1052),(16,465,2,3229,1,1,39.0236,'2019-12-15','22:00:00',1827),(17,397,15,1138,4,4,37.237,'2019-12-15','10:00:00',1002),(18,397,15,2432,1,1,38.6369,'2019-12-15','22:00:00',1308),(19,635,5,1856,2,3,38.6281,'2019-12-15','10:00:00',1019),(20,635,5,2003,1,1,37.2433,'2019-12-15','22:00:00',1203),(21,516,14,1202,2,4,39.6848,'2019-12-15','10:00:00',1068),(22,516,14,3315,1,1,37.2529,'2019-12-15','22:00:00',1954),(23,898,14,1521,2,4,39.9588,'2019-12-15','10:00:00',1095),(24,898,14,3578,1,1,36.7031,'2019-12-15','22:00:00',1608),(25,906,4,1700,2,3,39.8559,'2019-12-15','10:00:00',1012),(26,906,4,3429,1,1,39.5891,'2019-12-15','22:00:00',1770),(27,722,17,1896,2,4,39.6768,'2019-12-15','10:00:00',1073),(28,722,17,3813,1,1,39.0614,'2019-12-15','22:00:00',1964),(29,853,16,1311,2,3,38.9927,'2019-12-15','10:00:00',1057),(30,853,16,3263,1,1,36.1409,'2019-12-15','22:00:00',1376),(31,884,10,1389,3,3,39.2276,'2019-12-15','10:00:00',1082),(32,884,10,3408,1,1,37.8069,'2019-12-15','22:00:00',1904),(33,838,2,1183,3,3,36.8105,'2019-12-15','10:00:00',1037),(34,838,2,2552,1,1,37.4571,'2019-12-15','22:00:00',1552),(35,703,9,1656,3,3,36.2492,'2019-12-15','10:00:00',1000),(36,703,9,3711,1,1,38.9551,'2019-12-15','22:00:00',1594),(37,400,18,1218,3,3,38.8925,'2019-12-15','10:00:00',1030),(38,400,18,2756,1,1,37.9976,'2019-12-15','22:00:00',1465),(39,405,4,1788,3,4,36.3421,'2019-12-15','10:00:00',1058),(40,405,4,3325,1,1,37.6482,'2019-12-15','22:00:00',1602),(41,855,10,1025,2,4,38.5294,'2019-12-15','10:00:00',1038),(42,855,10,2013,1,1,38.0764,'2019-12-15','22:00:00',1278),(43,5,10,1716,3,3,37.7797,'2019-12-15','10:00:00',1004),(44,5,10,3751,1,1,37.7028,'2019-12-15','22:00:00',1217),(45,684,6,1672,2,3,38.5243,'2019-12-15','10:00:00',1071),(46,684,6,3398,1,1,36.0674,'2019-12-15','22:00:00',1259),(47,174,14,1757,2,4,38.2839,'2019-12-15','10:00:00',1030),(48,174,14,3663,1,1,38.4403,'2019-12-15','22:00:00',1068),(49,375,15,1562,2,4,36.0658,'2019-12-15','10:00:00',1001),(50,375,15,2070,1,1,36.8662,'2019-12-15','22:00:00',1528),(51,655,15,1721,2,4,38.339,'2019-12-15','10:00:00',1013),(52,655,15,3884,1,1,37.3207,'2019-12-15','22:00:00',1723),(53,270,15,1375,2,3,39.3867,'2019-12-15','10:00:00',1046),(54,270,15,3604,1,1,37.1494,'2019-12-15','22:00:00',1574),(55,791,1,1280,3,3,37.4125,'2019-12-15','10:00:00',1036),(56,791,1,3501,1,1,37.756,'2019-12-15','22:00:00',1928),(57,150,9,1906,3,4,38.7788,'2019-12-15','10:00:00',1052),(58,150,9,3071,1,1,37.2178,'2019-12-15','22:00:00',1748),(59,542,3,1048,2,3,37.2764,'2019-12-15','10:00:00',1059),(60,542,3,3995,1,1,39.1555,'2019-12-15','22:00:00',1681),(61,254,2,1140,2,3,36.1264,'2019-12-15','10:00:00',1087),(62,254,2,2546,1,1,37.2487,'2019-12-15','22:00:00',1830),(63,221,15,1385,3,3,38.5887,'2019-12-15','10:00:00',1086),(64,221,15,2787,1,1,36.7175,'2019-12-15','22:00:00',1927),(65,309,5,1568,3,3,39.5048,'2019-12-15','10:00:00',1035),(66,309,5,2327,1,1,39.6308,'2019-12-15','22:00:00',1854),(67,177,16,1553,2,4,37.8537,'2019-12-15','10:00:00',1064),(68,177,16,3621,1,1,39.0308,'2019-12-15','22:00:00',1095),(69,492,15,1441,2,3,36.2869,'2019-12-15','10:00:00',1017),(70,492,15,3339,1,1,39.7138,'2019-12-15','22:00:00',1414),(71,983,8,1301,3,4,37.8506,'2019-12-15','10:00:00',1071),(72,983,8,2409,1,1,36.1051,'2019-12-15','22:00:00',1953),(73,768,5,1663,2,4,37.8738,'2019-12-15','10:00:00',1098),(74,768,5,3000,1,1,39.0654,'2019-12-15','22:00:00',1968),(75,865,9,1301,2,3,39.6614,'2019-12-15','10:00:00',1017),(76,865,9,2240,1,1,39.8946,'2019-12-15','22:00:00',1738),(77,804,8,1320,2,3,39.9647,'2019-12-15','10:00:00',1029),(78,804,8,3005,1,1,37.1379,'2019-12-15','22:00:00',1520),(79,535,15,1925,2,4,38.5542,'2019-12-15','10:00:00',1048),(80,535,15,3018,1,1,37.4622,'2019-12-15','22:00:00',1044),(81,454,16,1218,3,3,37.4079,'2019-12-15','10:00:00',1038),(82,454,16,3774,1,1,38.5927,'2019-12-15','22:00:00',1164),(83,752,2,1831,2,4,36.2253,'2019-12-16','10:00:00',1026),(84,752,2,2347,1,1,39.1794,'2019-12-16','22:00:00',1582),(85,913,4,1135,2,3,36.0143,'2019-12-16','10:00:00',1043),(86,913,4,2376,1,1,39.5073,'2019-12-16','22:00:00',1736),(87,506,5,1070,2,3,36.0535,'2019-12-16','10:00:00',1060),(88,506,5,3990,1,1,37.9309,'2019-12-16','22:00:00',1044),(89,933,1,1643,3,3,37.8261,'2019-12-16','10:00:00',1004),(90,933,1,3718,1,1,38.481,'2019-12-16','22:00:00',1441),(91,12,14,1066,3,3,38.316,'2019-12-16','10:00:00',1046),(92,12,14,3164,1,1,38.8386,'2019-12-16','22:00:00',1986),(93,40,8,1345,3,3,38.3466,'2019-12-16','10:00:00',1097),(94,40,8,2214,1,1,39.6971,'2019-12-16','22:00:00',1359),(95,879,6,1766,3,3,36.3898,'2019-12-16','10:00:00',1075),(96,879,6,2941,1,1,36.1789,'2019-12-16','22:00:00',1024),(97,814,18,1939,2,4,36.8949,'2019-12-16','10:00:00',1054),(98,814,18,2057,1,1,36.4322,'2019-12-16','22:00:00',1931),(99,792,8,1941,2,3,38.458,'2019-12-16','10:00:00',1099),(100,792,8,2297,1,1,36.9152,'2019-12-16','22:00:00',1260),(101,8,17,1888,2,3,38.6375,'2019-12-16','10:00:00',1089),(102,8,17,2978,1,1,38.0255,'2019-12-16','22:00:00',1449),(103,682,8,1091,2,3,36.1906,'2019-12-16','10:00:00',1041),(104,682,8,3826,1,1,38.4452,'2019-12-16','22:00:00',1291),(105,903,4,1104,3,4,36.0407,'2019-12-16','10:00:00',1073),(106,903,4,3281,1,1,37.6674,'2019-12-16','22:00:00',1831),(107,5,3,1377,3,3,39.3553,'2019-12-16','10:00:00',1074),(108,5,3,2459,1,1,37.4577,'2019-12-16','22:00:00',1382),(109,55,9,1256,2,4,36.9537,'2019-12-16','10:00:00',1039),(110,55,9,2530,1,1,36.2622,'2019-12-16','22:00:00',1639),(111,311,2,1652,2,3,36.5547,'2019-12-16','10:00:00',1079),(112,311,2,3147,1,1,39.3234,'2019-12-16','22:00:00',1201),(113,549,5,1719,3,4,38.7366,'2019-12-17','10:00:00',1098),(114,549,5,3700,1,1,36.2254,'2019-12-17','22:00:00',1290),(115,898,8,1538,2,3,39.6456,'2019-12-17','10:00:00',1036),(116,898,8,2190,1,1,39.6577,'2019-12-17','22:00:00',1740),(117,579,9,1794,2,4,37.5598,'2019-12-17','10:00:00',1020),(118,579,9,3744,1,1,36.3624,'2019-12-17','22:00:00',1275),(119,623,2,1343,2,3,39.9748,'2019-12-17','10:00:00',1082),(120,623,2,2272,1,1,38.3131,'2019-12-17','22:00:00',1966),(121,365,7,1821,3,3,38.0506,'2019-12-17','10:00:00',1043),(122,365,7,3254,1,1,39.9672,'2019-12-17','22:00:00',1058),(123,360,18,1774,2,4,37.7511,'2019-12-17','10:00:00',1066),(124,360,18,2047,1,1,36.777,'2019-12-17','22:00:00',1446),(125,340,7,1457,3,4,39.1181,'2019-12-17','10:00:00',1071),(126,340,7,2463,1,1,39.506,'2019-12-17','22:00:00',1227),(127,857,14,1775,3,4,38.6641,'2019-12-17','10:00:00',1051),(128,857,14,3161,1,1,36.4668,'2019-12-17','22:00:00',1473),(129,467,1,1297,2,4,36.8879,'2019-12-17','10:00:00',1054),(130,467,1,2149,1,1,39.6773,'2019-12-17','22:00:00',1332),(131,256,8,1943,2,4,36.014,'2019-12-17','10:00:00',1031),(132,256,8,3100,1,1,38.6711,'2019-12-17','22:00:00',1071);
/*!40000 ALTER TABLE `general_metrics` ENABLE KEYS */;
UNLOCK TABLES;

--
-- Table structure for table `heart_metrics`
--

DROP TABLE IF EXISTS `heart_metrics`;
/*!40101 SET @saved_cs_client     = @@character_set_client */;
/*!40101 SET character_set_client = utf8 */;
CREATE TABLE `heart_metrics` (
  `metric_id` int(11) NOT NULL AUTO_INCREMENT,
  `user_id` int(11) NOT NULL,
  `device_id` int(11) NOT NULL,
  `bpm` int(11) DEFAULT NULL,
  `BOLD` float DEFAULT NULL,
  `HRV` int(11) DEFAULT NULL,
  `Stroke_Volume` float DEFAULT NULL,
  `date` date NOT NULL,
  `time` time NOT NULL,
  PRIMARY KEY (`metric_id`),
  UNIQUE KEY `metric_id_UNIQUE` (`metric_id`),
  KEY `user_id_idx` (`user_id`),
  KEY `device_id_idx` (`device_id`),
  CONSTRAINT `fkhm_device_id` FOREIGN KEY (`device_id`) REFERENCES `device` (`device_id`) ON DELETE NO ACTION ON UPDATE NO ACTION,
  CONSTRAINT `fkhm_user_id` FOREIGN KEY (`user_id`) REFERENCES `user` (`user_id`) ON DELETE NO ACTION ON UPDATE NO ACTION
) ENGINE=InnoDB AUTO_INCREMENT=253 DEFAULT CHARSET=utf8;
/*!40101 SET character_set_client = @saved_cs_client */;

--
-- Dumping data for table `heart_metrics`
--

LOCK TABLES `heart_metrics` WRITE;
/*!40000 ALTER TABLE `heart_metrics` DISABLE KEYS */;
INSERT INTO `heart_metrics` VALUES (1,793,6,109,0.226656,118,0.00898278,'2019-12-15','08:00:00'),(2,793,6,111,0.13077,60,0.403776,'2019-12-15','09:00:00'),(3,793,6,97,0.494827,130,0.76773,'2019-12-15','10:00:00'),(4,793,6,84,0.133426,125,0.625516,'2019-12-15','11:00:00'),(5,793,6,105,0.683968,73,0.365745,'2019-12-15','12:00:00'),(6,793,6,118,0.793454,48,0.783926,'2019-12-15','13:00:00'),(7,793,6,111,0.753497,75,0.261119,'2019-12-15','14:00:00'),(8,793,6,89,0.179776,117,0.0656749,'2019-12-15','15:00:00'),(9,793,6,78,0.62984,110,0.375892,'2019-12-15','16:00:00'),(10,793,6,116,0.473379,105,0.61117,'2019-12-15','17:00:00'),(11,793,6,81,0.351831,49,0.184253,'2019-12-15','18:00:00'),(12,793,6,108,0.334329,78,0.693976,'2019-12-15','19:00:00'),(13,725,10,81,0.53119,140,0.203199,'2019-12-15','08:00:00'),(14,725,10,76,0.0800706,143,0.692553,'2019-12-15','09:00:00'),(15,725,10,95,0.437879,113,0.0867254,'2019-12-15','10:00:00'),(16,725,10,89,0.706869,80,0.649986,'2019-12-15','11:00:00'),(17,725,10,79,0.987907,82,0.920353,'2019-12-15','12:00:00'),(18,725,10,93,0.595539,101,0.0320698,'2019-12-15','13:00:00'),(19,725,10,93,0.249475,128,0.451397,'2019-12-15','14:00:00'),(20,725,10,106,0.331277,89,0.231679,'2019-12-15','15:00:00'),(21,725,10,111,0.420406,108,0.902608,'2019-12-15','16:00:00'),(22,725,10,100,0.365892,143,0.828478,'2019-12-15','17:00:00'),(23,725,10,79,0.448051,113,0.0566737,'2019-12-15','18:00:00'),(24,725,10,82,0.0443391,94,0.332379,'2019-12-15','19:00:00'),(25,974,14,114,0.0228618,90,0.205957,'2019-12-15','08:00:00'),(26,974,14,103,0.707435,99,0.587648,'2019-12-15','09:00:00'),(27,974,14,85,0.798396,50,0.880697,'2019-12-15','10:00:00'),(28,974,14,81,0.547683,47,0.479709,'2019-12-15','11:00:00'),(29,974,14,86,0.185313,140,0.203576,'2019-12-15','12:00:00'),(30,974,14,78,0.200115,96,0.970009,'2019-12-15','13:00:00'),(31,974,14,85,0.629131,67,0.223408,'2019-12-15','14:00:00'),(32,974,14,92,0.582575,101,0.0582484,'2019-12-15','15:00:00'),(33,974,14,100,0.863547,94,0.883161,'2019-12-15','16:00:00'),(34,974,14,116,0.00814154,69,0.206237,'2019-12-15','17:00:00'),(35,974,14,84,0.845233,79,0.203297,'2019-12-15','18:00:00'),(36,974,14,118,0.255548,80,0.0257397,'2019-12-15','19:00:00'),(37,602,6,108,0.461241,143,0.529177,'2019-12-15','08:00:00'),(38,602,6,104,0.903186,87,0.39794,'2019-12-15','09:00:00'),(39,602,6,106,0.432194,143,0.630233,'2019-12-15','10:00:00'),(40,602,6,79,0.0846689,128,0.936616,'2019-12-15','11:00:00'),(41,602,6,78,0.0336873,111,0.210514,'2019-12-15','12:00:00'),(42,602,6,73,0.696587,73,0.340532,'2019-12-15','13:00:00'),(43,602,6,112,0.200818,92,0.750747,'2019-12-15','14:00:00'),(44,602,6,87,0.456842,70,0.923264,'2019-12-15','15:00:00'),(45,602,6,112,0.430443,108,0.86904,'2019-12-15','16:00:00'),(46,602,6,92,0.637773,129,0.296331,'2019-12-15','17:00:00'),(47,602,6,117,0.890339,103,0.249449,'2019-12-15','18:00:00'),(48,602,6,94,0.726489,59,0.558242,'2019-12-15','19:00:00'),(49,36,18,75,0.290601,56,0.691895,'2019-12-15','08:00:00'),(50,36,18,76,0.530601,73,0.854368,'2019-12-15','09:00:00'),(51,36,18,90,0.457589,52,0.00486961,'2019-12-15','10:00:00'),(52,36,18,109,0.974225,92,0.466441,'2019-12-15','11:00:00'),(53,36,18,114,0.0943668,122,0.594996,'2019-12-15','12:00:00'),(54,36,18,102,0.455623,78,0.301879,'2019-12-15','13:00:00'),(55,36,18,95,0.635089,110,0.349777,'2019-12-15','14:00:00'),(56,36,18,109,0.929961,71,0.52126,'2019-12-15','15:00:00'),(57,36,18,110,0.534304,66,0.46043,'2019-12-15','16:00:00'),(58,36,18,103,0.93943,115,0.705302,'2019-12-15','17:00:00'),(59,36,18,90,0.945867,94,0.623751,'2019-12-15','18:00:00'),(60,36,18,102,0.338468,121,0.817138,'2019-12-15','19:00:00'),(61,65,18,94,0.0832811,136,0.34557,'2019-12-15','08:00:00'),(62,65,18,118,0.816298,61,0.399541,'2019-12-15','09:00:00'),(63,65,18,94,0.244598,120,0.0514977,'2019-12-15','10:00:00'),(64,65,18,119,0.777071,137,0.300878,'2019-12-15','11:00:00'),(65,65,18,106,0.723043,88,0.0299187,'2019-12-15','12:00:00'),(66,65,18,111,0.0610664,126,0.890994,'2019-12-15','13:00:00'),(67,65,18,70,0.379283,131,0.187432,'2019-12-15','14:00:00'),(68,65,18,87,0.147656,116,0.118584,'2019-12-15','15:00:00'),(69,65,18,92,0.924181,70,0.492184,'2019-12-15','16:00:00'),(70,65,18,105,0.0338709,51,0.21389,'2019-12-15','17:00:00'),(71,65,18,114,0.759071,60,0.497335,'2019-12-15','18:00:00'),(72,65,18,71,0.617727,47,0.260797,'2019-12-15','19:00:00'),(73,477,9,90,0.2574,52,0.627462,'2019-12-15','08:00:00'),(74,477,9,114,0.605172,78,0.851112,'2019-12-15','09:00:00'),(75,477,9,82,0.724581,130,0.107038,'2019-12-15','10:00:00'),(76,477,9,118,0.512483,111,0.773834,'2019-12-15','11:00:00'),(77,477,9,114,0.0904943,125,0.75489,'2019-12-15','12:00:00'),(78,477,9,87,0.528461,101,0.246749,'2019-12-15','13:00:00'),(79,477,9,96,0.932078,50,0.488738,'2019-12-15','14:00:00'),(80,477,9,83,0.897326,111,0.650546,'2019-12-15','15:00:00'),(81,477,9,82,0.284436,113,0.549374,'2019-12-15','16:00:00'),(82,477,9,105,0.878184,72,0.741128,'2019-12-15','17:00:00'),(83,477,9,114,0.177785,69,0.707765,'2019-12-15','18:00:00'),(84,477,9,109,0.847472,130,0.732076,'2019-12-15','19:00:00'),(85,407,14,81,0.572199,60,0.0631811,'2019-12-15','08:00:00'),(86,407,14,112,0.0506516,115,0.393751,'2019-12-15','09:00:00'),(87,407,14,112,0.0254056,105,0.938948,'2019-12-15','10:00:00'),(88,407,14,114,0.611354,84,0.165204,'2019-12-15','11:00:00'),(89,407,14,101,0.636681,75,0.610112,'2019-12-15','12:00:00'),(90,407,14,76,0.861999,134,0.886968,'2019-12-15','13:00:00'),(91,407,14,107,0.0943946,66,0.810789,'2019-12-15','14:00:00'),(92,407,14,89,0.555444,103,0.256339,'2019-12-15','15:00:00'),(93,407,14,96,0.87144,122,0.250316,'2019-12-15','16:00:00'),(94,407,14,116,0.913043,121,0.0949646,'2019-12-15','17:00:00'),(95,407,14,78,0.586944,86,0.29726,'2019-12-15','18:00:00'),(96,407,14,82,0.365442,52,0.268065,'2019-12-15','19:00:00'),(97,502,26,87,0.0912624,87,0.837564,'2019-12-15','08:00:00'),(98,502,26,116,0.0923516,114,0.216606,'2019-12-15','09:00:00'),(99,502,26,119,0.28435,91,0.453201,'2019-12-15','10:00:00'),(100,502,26,114,0.0516684,106,0.90289,'2019-12-15','11:00:00'),(101,502,26,103,0.689896,86,0.982016,'2019-12-15','12:00:00'),(102,502,26,103,0.449242,65,0.697444,'2019-12-15','13:00:00'),(103,502,26,113,0.208264,91,0.680026,'2019-12-15','14:00:00'),(104,502,26,70,0.0461188,62,0.756022,'2019-12-15','15:00:00'),(105,502,26,82,0.949356,46,0.233566,'2019-12-15','16:00:00'),(106,502,26,75,0.893554,56,0.875425,'2019-12-15','17:00:00'),(107,502,26,72,0.591099,127,0.352044,'2019-12-15','18:00:00'),(108,502,26,84,0.368955,143,0.841743,'2019-12-15','19:00:00'),(109,1000,10,95,0.384029,86,0.902159,'2019-12-15','08:00:00'),(110,1000,10,83,0.684764,103,0.891094,'2019-12-15','09:00:00'),(111,1000,10,104,0.767902,122,0.570288,'2019-12-15','10:00:00'),(112,1000,10,96,0.924362,49,0.430289,'2019-12-15','11:00:00'),(113,1000,10,71,0.856222,64,0.395618,'2019-12-15','12:00:00'),(114,1000,10,89,0.810754,130,0.843757,'2019-12-15','13:00:00'),(115,1000,10,102,0.7346,116,0.363579,'2019-12-15','14:00:00'),(116,1000,10,103,0.296598,90,0.363147,'2019-12-15','15:00:00'),(117,1000,10,93,0.230412,121,0.109512,'2019-12-15','16:00:00'),(118,1000,10,83,0.00702325,68,0.147831,'2019-12-15','17:00:00'),(119,1000,10,71,0.745586,106,0.835648,'2019-12-15','18:00:00'),(120,1000,10,86,0.167038,128,0.652898,'2019-12-15','19:00:00'),(121,562,15,103,0.250453,68,0.416795,'2019-12-15','08:00:00'),(122,562,15,89,0.665027,62,0.884365,'2019-12-15','09:00:00'),(123,562,15,114,0.817691,85,0.576838,'2019-12-15','10:00:00'),(124,562,15,103,0.600704,45,0.221842,'2019-12-15','11:00:00'),(125,562,15,74,0.808666,120,0.368071,'2019-12-15','12:00:00'),(126,562,15,98,0.715361,133,0.27922,'2019-12-15','13:00:00'),(127,562,15,107,0.866929,56,0.958675,'2019-12-15','14:00:00'),(128,562,15,92,0.412469,113,0.208836,'2019-12-15','15:00:00'),(129,562,15,118,0.25566,79,0.978019,'2019-12-15','16:00:00'),(130,562,15,112,0.281429,132,0.544978,'2019-12-15','17:00:00'),(131,562,15,74,0.82172,128,0.707875,'2019-12-15','18:00:00'),(132,562,15,71,0.0541534,61,0.658037,'2019-12-15','19:00:00'),(133,382,6,117,0.122778,123,0.573098,'2019-12-15','08:00:00'),(134,382,6,95,0.783856,86,0.735384,'2019-12-15','09:00:00'),(135,382,6,91,0.917595,76,0.815842,'2019-12-15','10:00:00'),(136,382,6,76,0.242649,124,0.267743,'2019-12-15','11:00:00'),(137,382,6,117,0.903285,114,0.752732,'2019-12-15','12:00:00'),(138,382,6,104,0.172333,125,0.499741,'2019-12-15','13:00:00'),(139,382,6,74,0.944091,90,0.440049,'2019-12-15','14:00:00'),(140,382,6,111,0.864107,125,0.457594,'2019-12-15','15:00:00'),(141,382,6,112,0.917317,46,0.310678,'2019-12-15','16:00:00'),(142,382,6,95,0.647037,113,0.497599,'2019-12-15','17:00:00'),(143,382,6,91,0.631057,133,0.511689,'2019-12-15','18:00:00'),(144,382,6,115,0.042578,91,0.203781,'2019-12-15','19:00:00'),(145,106,5,114,0.341577,46,0.0652459,'2019-12-15','08:00:00'),(146,106,5,83,0.165479,46,0.556886,'2019-12-15','09:00:00'),(147,106,5,107,0.0915265,65,0.727028,'2019-12-15','10:00:00'),(148,106,5,71,0.9898,129,0.262937,'2019-12-15','11:00:00'),(149,106,5,108,0.0876055,56,0.298072,'2019-12-15','12:00:00'),(150,106,5,77,0.874916,136,0.940749,'2019-12-15','13:00:00'),(151,106,5,118,0.999988,55,0.533027,'2019-12-15','14:00:00'),(152,106,5,87,0.127632,105,0.627771,'2019-12-15','15:00:00'),(153,106,5,86,0.778949,134,0.150105,'2019-12-15','16:00:00'),(154,106,5,72,0.841459,48,0.636766,'2019-12-15','17:00:00'),(155,106,5,74,0.525421,81,0.252113,'2019-12-15','18:00:00'),(156,106,5,78,0.0613497,126,0.89663,'2019-12-15','19:00:00'),(157,525,14,81,0.453351,103,0.570539,'2019-12-15','08:00:00'),(158,525,14,74,0.760081,96,0.306685,'2019-12-15','09:00:00'),(159,525,14,119,0.986294,143,0.979425,'2019-12-15','10:00:00'),(160,525,14,116,0.73243,130,0.101351,'2019-12-15','11:00:00'),(161,525,14,116,0.33379,133,0.429857,'2019-12-15','12:00:00'),(162,525,14,94,0.163174,79,0.231591,'2019-12-15','13:00:00'),(163,525,14,76,0.931657,73,0.617162,'2019-12-15','14:00:00'),(164,525,14,81,0.341159,144,0.927564,'2019-12-15','15:00:00'),(165,525,14,103,0.55328,121,0.164251,'2019-12-15','16:00:00'),(166,525,14,96,0.141238,57,0.205276,'2019-12-15','17:00:00'),(167,525,14,102,0.629103,64,0.105476,'2019-12-15','18:00:00'),(168,525,14,116,0.342108,136,0.550778,'2019-12-15','19:00:00'),(169,313,14,78,0.684862,133,0.389525,'2019-12-15','08:00:00'),(170,313,14,84,0.237221,79,0.00148311,'2019-12-15','09:00:00'),(171,313,14,118,0.893186,97,0.957188,'2019-12-15','10:00:00'),(172,313,14,80,0.147899,57,0.195389,'2019-12-15','11:00:00'),(173,313,14,99,0.381307,57,0.486338,'2019-12-15','12:00:00'),(174,313,14,72,0.808652,133,0.987341,'2019-12-15','13:00:00'),(175,313,14,84,0.481606,99,0.264452,'2019-12-15','14:00:00'),(176,313,14,104,0.690136,81,0.732517,'2019-12-15','15:00:00'),(177,313,14,99,0.706603,124,0.832804,'2019-12-15','16:00:00'),(178,313,14,109,0.463845,139,0.317822,'2019-12-15','17:00:00'),(179,313,14,108,0.864016,47,0.555913,'2019-12-15','18:00:00'),(180,313,14,104,0.786202,130,0.934627,'2019-12-15','19:00:00'),(181,932,6,71,0.896257,81,0.134814,'2019-12-15','08:00:00'),(182,932,6,98,0.495158,118,0.194681,'2019-12-15','09:00:00'),(183,932,6,108,0.242517,136,0.855691,'2019-12-15','10:00:00'),(184,932,6,96,0.0754761,124,0.732827,'2019-12-15','11:00:00'),(185,932,6,84,0.244427,80,0.0486689,'2019-12-15','12:00:00'),(186,932,6,78,0.724868,55,0.334473,'2019-12-15','13:00:00'),(187,932,6,88,0.831184,50,0.782233,'2019-12-15','14:00:00'),(188,932,6,107,0.381766,112,0.21346,'2019-12-15','15:00:00'),(189,932,6,72,0.619838,139,0.855779,'2019-12-15','16:00:00'),(190,932,6,92,0.681256,50,0.241865,'2019-12-15','17:00:00'),(191,932,6,71,0.46412,65,0.641496,'2019-12-15','18:00:00'),(192,932,6,99,0.0113463,74,0.442115,'2019-12-15','19:00:00'),(193,788,18,106,0.69532,73,0.323894,'2019-12-15','08:00:00'),(194,788,18,108,0.896107,60,0.110988,'2019-12-15','09:00:00'),(195,788,18,73,0.0438062,144,0.833427,'2019-12-15','10:00:00'),(196,788,18,79,0.440861,108,0.875507,'2019-12-15','11:00:00'),(197,788,18,92,0.666879,140,0.79115,'2019-12-15','12:00:00'),(198,788,18,74,0.0299337,135,0.448391,'2019-12-15','13:00:00'),(199,788,18,95,0.250031,114,0.715062,'2019-12-15','14:00:00'),(200,788,18,94,0.335902,64,0.946572,'2019-12-15','15:00:00'),(201,788,18,78,0.96176,77,0.754286,'2019-12-15','16:00:00'),(202,788,18,109,0.675596,46,0.0477489,'2019-12-15','17:00:00'),(203,788,18,79,0.826866,100,0.28072,'2019-12-15','18:00:00'),(204,788,18,107,0.891892,66,0.419461,'2019-12-15','19:00:00'),(205,600,15,113,0.85692,109,0.669145,'2019-12-15','08:00:00'),(206,600,15,90,0.00147178,125,0.00566217,'2019-12-15','09:00:00'),(207,600,15,101,0.0943355,105,0.741415,'2019-12-15','10:00:00'),(208,600,15,114,0.237863,96,0.846672,'2019-12-15','11:00:00'),(209,600,15,104,0.945998,108,0.353914,'2019-12-15','12:00:00'),(210,600,15,112,0.210387,93,0.81213,'2019-12-15','13:00:00'),(211,600,15,99,0.536986,135,0.893557,'2019-12-15','14:00:00'),(212,600,15,108,0.144714,87,0.707561,'2019-12-15','15:00:00'),(213,600,15,82,0.14123,139,0.315328,'2019-12-15','16:00:00'),(214,600,15,106,0.720167,85,0.845225,'2019-12-15','17:00:00'),(215,600,15,71,0.577768,127,0.370566,'2019-12-15','18:00:00'),(216,600,15,89,0.840834,48,0.640749,'2019-12-15','19:00:00'),(217,727,15,118,0.116347,114,0.115496,'2019-12-15','08:00:00'),(218,727,15,94,0.147297,69,0.759171,'2019-12-15','09:00:00'),(219,727,15,73,0.0985778,71,0.0404417,'2019-12-15','10:00:00'),(220,727,15,90,0.881191,65,0.378661,'2019-12-15','11:00:00'),(221,727,15,83,0.263832,92,0.60486,'2019-12-15','12:00:00'),(222,727,15,99,0.117857,127,0.795535,'2019-12-15','13:00:00'),(223,727,15,94,0.0544582,125,0.87489,'2019-12-15','14:00:00'),(224,727,15,117,0.132784,125,0.648896,'2019-12-15','15:00:00'),(225,727,15,110,0.133964,67,0.705252,'2019-12-15','16:00:00'),(226,727,15,113,0.194118,83,0.340971,'2019-12-15','17:00:00'),(227,727,15,97,0.731387,45,0.827613,'2019-12-15','18:00:00'),(228,727,15,76,0.142158,78,0.252495,'2019-12-15','19:00:00'),(229,54,5,93,0.954747,79,0.840848,'2019-12-15','08:00:00'),(230,54,5,79,0.383386,82,0.716694,'2019-12-15','09:00:00'),(231,54,5,93,0.166716,89,0.717358,'2019-12-15','10:00:00'),(232,54,5,82,0.129353,132,0.00148162,'2019-12-15','11:00:00'),(233,54,5,88,0.863977,64,0.402231,'2019-12-15','12:00:00'),(234,54,5,90,0.8666,53,0.845321,'2019-12-15','13:00:00'),(235,54,5,117,0.261695,87,0.364311,'2019-12-15','14:00:00'),(236,54,5,96,0.566663,68,0.48779,'2019-12-15','15:00:00'),(237,54,5,106,0.168053,111,0.802892,'2019-12-15','16:00:00'),(238,54,5,71,0.742476,107,0.88102,'2019-12-15','17:00:00'),(239,54,5,97,0.0570939,111,0.155604,'2019-12-15','18:00:00'),(240,54,5,109,0.442628,131,0.00950064,'2019-12-15','19:00:00'),(241,733,7,77,0.117798,57,0.271271,'2019-12-15','08:00:00'),(242,733,7,119,0.0939667,97,0.34393,'2019-12-15','09:00:00'),(243,733,7,77,0.688969,46,0.995048,'2019-12-15','10:00:00'),(244,733,7,116,0.705189,116,0.443157,'2019-12-15','11:00:00'),(245,733,7,74,0.0732866,57,0.404032,'2019-12-15','12:00:00'),(246,733,7,102,0.0170237,59,0.687164,'2019-12-15','13:00:00'),(247,733,7,119,0.902905,98,0.970721,'2019-12-15','14:00:00'),(248,733,7,82,0.317548,129,0.29692,'2019-12-15','15:00:00'),(249,733,7,116,0.783547,56,0.215109,'2019-12-15','16:00:00'),(250,733,7,106,0.0351588,141,0.732033,'2019-12-15','17:00:00'),(251,733,7,107,0.592196,113,0.663428,'2019-12-15','18:00:00'),(252,733,7,82,0.275361,106,0.26101,'2019-12-15','19:00:00');
/*!40000 ALTER TABLE `heart_metrics` ENABLE KEYS */;
UNLOCK TABLES;

--
-- Table structure for table `history`
--

DROP TABLE IF EXISTS `history`;
/*!40101 SET @saved_cs_client     = @@character_set_client */;
/*!40101 SET character_set_client = utf8 */;
CREATE TABLE `history` (
  `user_id` int(11) NOT NULL,
  `date` date NOT NULL,
  `blood` enum('Stable','Unstable','Normal','Abnormal') DEFAULT NULL,
  `heart` enum('Stable','Unstable','Normal','Abnormal') DEFAULT NULL,
  `breath` enum('Stable','Unstable','Normal','Abnormal') DEFAULT NULL,
  `sleep_quality` enum('1','2','3','4','5') DEFAULT NULL,
  `activity` enum('High','Low','Medium','Intense') DEFAULT NULL,
  `warning` enum('Safe','Abnormal Behavior','Episode Suspicion','Emergency Situation') DEFAULT NULL,
  PRIMARY KEY (`user_id`,`date`),
  CONSTRAINT `fkhist_user_id` FOREIGN KEY (`user_id`) REFERENCES `user` (`user_id`) ON DELETE NO ACTION ON UPDATE NO ACTION
) ENGINE=InnoDB DEFAULT CHARSET=utf8;
/*!40101 SET character_set_client = @saved_cs_client */;

--
-- Dumping data for table `history`
--

LOCK TABLES `history` WRITE;
/*!40000 ALTER TABLE `history` DISABLE KEYS */;
INSERT INTO `history` VALUES (6,'2019-12-17','Stable','Unstable','Unstable','4','Low','Abnormal Behavior'),(18,'2019-12-17','Stable','Unstable','Unstable','3','Low','Episode Suspicion'),(18,'2019-12-18','Normal','Unstable','Abnormal','4','Low','Emergency Situation'),(18,'2019-12-19','Unstable','Unstable','Abnormal','1','High','Abnormal Behavior'),(18,'2019-12-20','Stable','Normal','Normal','4','Medium','Abnormal Behavior'),(18,'2019-12-21','Normal','Abnormal','Abnormal','4','Medium','Emergency Situation'),(18,'2019-12-22','Abnormal','Normal','Unstable','4','Low','Safe'),(18,'2019-12-23','Stable','Unstable','Abnormal','5','Low','Episode Suspicion'),(18,'2019-12-24','Unstable','Stable','Unstable','4','Low','Abnormal Behavior'),(18,'2019-12-25','Unstable','Abnormal','Stable','3','Medium','Emergency Situation'),(18,'2019-12-26','Abnormal','Abnormal','Abnormal','1','High','Episode Suspicion'),(34,'2019-12-17','Abnormal','Stable','Normal','2','Medium','Episode Suspicion'),(34,'2019-12-18','Abnormal','Abnormal','Stable','4','Medium','Safe'),(34,'2019-12-19','Normal','Stable','Stable','3','Low','Episode Suspicion'),(34,'2019-12-20','Stable','Stable','Stable','3','Intense','Safe'),(34,'2019-12-21','Abnormal','Unstable','Stable','1','Medium','Emergency Situation'),(34,'2019-12-22','Stable','Stable','Abnormal','4','Medium','Emergency Situation'),(34,'2019-12-23','Abnormal','Abnormal','Normal','2','Low','Episode Suspicion'),(34,'2019-12-24','Unstable','Normal','Abnormal','2','Low','Emergency Situation'),(34,'2019-12-25','Abnormal','Unstable','Unstable','1','Intense','Safe'),(34,'2019-12-26','Normal','Normal','Normal','5','Medium','Abnormal Behavior'),(36,'2019-12-15','Normal','Stable','Normal','3','Intense','Emergency Situation'),(36,'2019-12-16','Unstable','Abnormal','Normal','1','Intense','Emergency Situation'),(36,'2019-12-17','Unstable','Unstable','Normal','1','Low','Episode Suspicion'),(36,'2019-12-18','Unstable','Normal','Unstable','2','Low','Emergency Situation'),(36,'2019-12-19','Abnormal','Normal','Stable','5','Intense','Episode Suspicion'),(118,'2019-12-17','Unstable','Normal','Unstable','2','Medium','Safe'),(118,'2019-12-18','Stable','Normal','Abnormal','5','Intense','Safe'),(118,'2019-12-19','Stable','Unstable','Normal','3','High','Episode Suspicion'),(118,'2019-12-20','Stable','Abnormal','Stable','1','Intense','Episode Suspicion'),(118,'2019-12-21','Abnormal','Normal','Abnormal','3','High','Safe'),(118,'2019-12-22','Abnormal','Abnormal','Normal','4','Low','Abnormal Behavior'),(118,'2019-12-23','Abnormal','Unstable','Abnormal','3','Intense','Safe'),(118,'2019-12-24','Abnormal','Unstable','Abnormal','3','Low','Abnormal Behavior'),(118,'2019-12-25','Normal','Stable','Abnormal','5','High','Abnormal Behavior'),(118,'2019-12-26','Stable','Stable','Stable','3','High','Abnormal Behavior'),(126,'2019-12-17','Normal','Normal','Abnormal','1','Intense','Safe'),(126,'2019-12-18','Stable','Normal','Abnormal','3','High','Abnormal Behavior'),(126,'2019-12-19','Normal','Normal','Unstable','3','Low','Abnormal Behavior'),(126,'2019-12-20','Unstable','Normal','Unstable','1','High','Emergency Situation'),(126,'2019-12-21','Stable','Unstable','Abnormal','3','Intense','Abnormal Behavior'),(126,'2019-12-22','Unstable','Stable','Stable','3','High','Episode Suspicion'),(126,'2019-12-23','Stable','Normal','Stable','5','Medium','Episode Suspicion'),(126,'2019-12-24','Unstable','Unstable','Stable','5','Low','Abnormal Behavior'),(126,'2019-12-25','Abnormal','Abnormal','Unstable','5','Intense','Episode Suspicion'),(126,'2019-12-26','Stable','Normal','Stable','2','Intense','Emergency Situation'),(137,'2019-12-17','Unstable','Unstable','Stable','2','Intense','Episode Suspicion'),(137,'2019-12-18','Stable','Unstable','Abnormal','2','Intense','Emergency Situation'),(137,'2019-12-19','Normal','Stable','Normal','1','Medium','Safe'),(137,'2019-12-20','Stable','Normal','Normal','4','Intense','Episode Suspicion'),(137,'2019-12-21','Abnormal','Abnormal','Abnormal','5','High','Emergency Situation'),(137,'2019-12-22','Abnormal','Normal','Stable','2','Intense','Episode Suspicion'),(137,'2019-12-23','Stable','Normal','Normal','3','Medium','Emergency Situation'),(137,'2019-12-24','Normal','Unstable','Stable','2','Intense','Abnormal Behavior'),(137,'2019-12-25','Normal','Unstable','Abnormal','3','Intense','Abnormal Behavior'),(137,'2019-12-26','Stable','Abnormal','Normal','4','High','Safe'),(240,'2019-12-17','Unstable','Stable','Normal','5','High','Safe'),(240,'2019-12-18','Abnormal','Stable','Abnormal','1','High','Safe'),(240,'2019-12-19','Unstable','Normal','Abnormal','2','Low','Safe'),(240,'2019-12-20','Stable','Stable','Stable','4','Low','Abnormal Behavior'),(240,'2019-12-21','Unstable','Normal','Unstable','4','High','Abnormal Behavior'),(240,'2019-12-22','Normal','Normal','Normal','1','Intense','Abnormal Behavior'),(240,'2019-12-23','Unstable','Normal','Normal','5','High','Emergency Situation'),(240,'2019-12-24','Unstable','Stable','Unstable','4','High','Abnormal Behavior'),(240,'2019-12-25','Normal','Stable','Unstable','1','Medium','Safe'),(240,'2019-12-26','Normal','Abnormal','Unstable','2','Medium','Episode Suspicion'),(357,'2019-12-17','Stable','Unstable','Unstable','2','High','Safe'),(357,'2019-12-18','Normal','Abnormal','Stable','4','Low','Safe'),(357,'2019-12-19','Unstable','Unstable','Abnormal','1','High','Episode Suspicion'),(357,'2019-12-20','Normal','Unstable','Stable','3','Intense','Episode Suspicion'),(357,'2019-12-21','Normal','Unstable','Stable','3','Intense','Abnormal Behavior'),(357,'2019-12-22','Unstable','Abnormal','Stable','2','High','Safe'),(357,'2019-12-23','Normal','Abnormal','Normal','4','Medium','Episode Suspicion'),(357,'2019-12-24','Unstable','Abnormal','Unstable','3','High','Episode Suspicion'),(357,'2019-12-25','Stable','Normal','Normal','3','High','Episode Suspicion'),(357,'2019-12-26','Normal','Normal','Unstable','2','High','Abnormal Behavior'),(395,'2019-12-17','Unstable','Normal','Abnormal','4','Medium','Safe'),(395,'2019-12-18','Unstable','Normal','Stable','1','Intense','Safe'),(395,'2019-12-19','Abnormal','Abnormal','Unstable','5','Medium','Emergency Situation'),(395,'2019-12-20','Stable','Abnormal','Stable','2','Medium','Abnormal Behavior'),(395,'2019-12-21','Abnormal','Unstable','Stable','2','High','Episode Suspicion'),(395,'2019-12-22','Abnormal','Normal','Unstable','2','Medium','Abnormal Behavior'),(395,'2019-12-23','Normal','Normal','Normal','5','Intense','Safe'),(395,'2019-12-24','Abnormal','Normal','Abnormal','3','Medium','Emergency Situation'),(395,'2019-12-25','Abnormal','Stable','Abnormal','2','High','Emergency Situation'),(395,'2019-12-26','Unstable','Abnormal','Stable','3','Intense','Episode Suspicion'),(441,'2019-12-17','Unstable','Unstable','Unstable','4','Medium','Safe'),(441,'2019-12-18','Abnormal','Stable','Abnormal','4','Low','Safe'),(441,'2019-12-19','Abnormal','Stable','Normal','3','High','Episode Suspicion'),(441,'2019-12-20','Unstable','Stable','Abnormal','3','High','Emergency Situation'),(441,'2019-12-21','Unstable','Normal','Abnormal','5','Medium','Abnormal Behavior'),(441,'2019-12-22','Unstable','Unstable','Normal','3','Medium','Abnormal Behavior'),(441,'2019-12-23','Abnormal','Normal','Abnormal','3','Low','Episode Suspicion'),(441,'2019-12-24','Unstable','Normal','Abnormal','4','High','Safe'),(441,'2019-12-25','Stable','Stable','Abnormal','5','High','Abnormal Behavior'),(441,'2019-12-26','Stable','Stable','Unstable','3','Low','Episode Suspicion'),(545,'2019-12-17','Normal','Abnormal','Stable','5','Intense','Episode Suspicion'),(545,'2019-12-18','Normal','Stable','Abnormal','5','Intense','Episode Suspicion'),(545,'2019-12-19','Normal','Unstable','Stable','1','Low','Abnormal Behavior'),(545,'2019-12-20','Normal','Abnormal','Abnormal','3','Intense','Abnormal Behavior'),(545,'2019-12-21','Unstable','Normal','Stable','1','Intense','Abnormal Behavior'),(545,'2019-12-22','Unstable','Normal','Stable','2','Intense','Emergency Situation'),(545,'2019-12-23','Abnormal','Unstable','Normal','1','Intense','Abnormal Behavior'),(545,'2019-12-24','Abnormal','Normal','Stable','5','Intense','Emergency Situation'),(545,'2019-12-25','Abnormal','Stable','Normal','5','Intense','Episode Suspicion'),(545,'2019-12-26','Normal','Unstable','Normal','2','Low','Emergency Situation'),(586,'2019-12-17','Stable','Normal','Stable','1','Medium','Episode Suspicion'),(586,'2019-12-18','Unstable','Abnormal','Normal','2','Medium','Safe'),(586,'2019-12-19','Unstable','Abnormal','Stable','1','Low','Safe'),(586,'2019-12-20','Unstable','Abnormal','Stable','3','Medium','Safe'),(586,'2019-12-21','Stable','Normal','Stable','5','High','Emergency Situation'),(586,'2019-12-22','Unstable','Normal','Stable','1','Medium','Emergency Situation'),(586,'2019-12-23','Stable','Stable','Unstable','4','Intense','Emergency Situation'),(586,'2019-12-24','Normal','Abnormal','Unstable','4','Medium','Emergency Situation'),(586,'2019-12-25','Abnormal','Stable','Normal','5','Intense','Abnormal Behavior'),(586,'2019-12-26','Abnormal','Stable','Unstable','3','High','Episode Suspicion'),(589,'2019-12-17','Unstable','Normal','Abnormal','1','Medium','Safe'),(589,'2019-12-18','Stable','Abnormal','Abnormal','4','High','Emergency Situation'),(589,'2019-12-19','Unstable','Stable','Stable','5','Medium','Abnormal Behavior'),(589,'2019-12-20','Abnormal','Unstable','Normal','1','Medium','Safe'),(589,'2019-12-21','Normal','Abnormal','Unstable','2','Medium','Safe'),(589,'2019-12-22','Stable','Normal','Abnormal','5','Intense','Episode Suspicion'),(589,'2019-12-23','Unstable','Abnormal','Unstable','5','High','Abnormal Behavior'),(589,'2019-12-24','Unstable','Normal','Abnormal','1','High','Emergency Situation'),(589,'2019-12-25','Normal','Unstable','Stable','3','Medium','Safe'),(589,'2019-12-26','Unstable','Normal','Unstable','3','Intense','Safe'),(678,'2019-12-17','Normal','Normal','Stable','3','Medium','Safe'),(678,'2019-12-18','Stable','Abnormal','Unstable','2','High','Abnormal Behavior'),(678,'2019-12-19','Normal','Stable','Abnormal','5','High','Emergency Situation'),(678,'2019-12-20','Stable','Abnormal','Abnormal','2','Low','Episode Suspicion'),(678,'2019-12-21','Normal','Stable','Stable','2','Medium','Episode Suspicion'),(678,'2019-12-22','Unstable','Stable','Unstable','5','Medium','Abnormal Behavior'),(678,'2019-12-23','Abnormal','Abnormal','Normal','5','Medium','Episode Suspicion'),(678,'2019-12-24','Stable','Abnormal','Normal','4','Low','Safe'),(678,'2019-12-25','Stable','Stable','Stable','2','High','Episode Suspicion'),(678,'2019-12-26','Stable','Stable','Unstable','5','Medium','Abnormal Behavior'),(684,'2019-12-17','Unstable','Normal','Stable','1','High','Episode Suspicion'),(684,'2019-12-18','Normal','Stable','Stable','1','Intense','Abnormal Behavior'),(684,'2019-12-19','Abnormal','Normal','Stable','1','Low','Abnormal Behavior'),(684,'2019-12-20','Normal','Abnormal','Unstable','2','Intense','Emergency Situation'),(684,'2019-12-21','Stable','Abnormal','Normal','2','Low','Episode Suspicion'),(684,'2019-12-22','Unstable','Stable','Stable','2','Low','Emergency Situation'),(684,'2019-12-23','Unstable','Abnormal','Stable','5','Medium','Abnormal Behavior'),(684,'2019-12-24','Normal','Normal','Abnormal','4','High','Episode Suspicion'),(684,'2019-12-25','Abnormal','Stable','Unstable','2','Medium','Safe'),(684,'2019-12-26','Stable','Normal','Unstable','1','Medium','Emergency Situation'),(701,'2019-12-17','Stable','Unstable','Stable','2','Intense','Episode Suspicion'),(701,'2019-12-18','Abnormal','Unstable','Normal','1','Low','Emergency Situation'),(701,'2019-12-19','Unstable','Unstable','Stable','4','Medium','Abnormal Behavior'),(701,'2019-12-20','Abnormal','Stable','Unstable','2','Low','Emergency Situation'),(701,'2019-12-21','Abnormal','Normal','Unstable','2','Intense','Abnormal Behavior'),(701,'2019-12-22','Normal','Unstable','Stable','1','Medium','Abnormal Behavior'),(701,'2019-12-23','Unstable','Abnormal','Stable','3','High','Emergency Situation'),(701,'2019-12-24','Normal','Normal','Unstable','2','High','Episode Suspicion'),(701,'2019-12-25','Normal','Unstable','Stable','4','High','Episode Suspicion'),(701,'2019-12-26','Normal','Stable','Abnormal','3','Intense','Episode Suspicion'),(745,'2019-12-17','Unstable','Abnormal','Unstable','3','Medium','Safe'),(745,'2019-12-18','Stable','Unstable','Unstable','1','Low','Abnormal Behavior'),(745,'2019-12-19','Normal','Abnormal','Stable','3','Low','Abnormal Behavior'),(745,'2019-12-20','Normal','Abnormal','Abnormal','3','Medium','Episode Suspicion'),(745,'2019-12-21','Abnormal','Normal','Abnormal','3','High','Abnormal Behavior'),(745,'2019-12-22','Normal','Abnormal','Normal','2','Intense','Emergency Situation'),(745,'2019-12-23','Abnormal','Normal','Abnormal','1','High','Episode Suspicion'),(745,'2019-12-24','Stable','Stable','Abnormal','4','Intense','Safe'),(745,'2019-12-25','Abnormal','Stable','Unstable','1','High','Episode Suspicion'),(745,'2019-12-26','Stable','Abnormal','Normal','5','Medium','Episode Suspicion'),(775,'2019-12-17','Abnormal','Abnormal','Unstable','2','Medium','Abnormal Behavior'),(837,'2019-12-17','Normal','Unstable','Stable','3','Low','Safe'),(837,'2019-12-18','Stable','Unstable','Stable','3','Intense','Abnormal Behavior'),(837,'2019-12-19','Stable','Unstable','Normal','2','Low','Safe'),(837,'2019-12-20','Unstable','Stable','Abnormal','5','Medium','Emergency Situation'),(837,'2019-12-21','Stable','Stable','Normal','3','Intense','Safe'),(837,'2019-12-22','Abnormal','Stable','Normal','4','Intense','Episode Suspicion'),(837,'2019-12-23','Stable','Abnormal','Abnormal','2','Intense','Emergency Situation'),(837,'2019-12-24','Unstable','Stable','Abnormal','5','High','Emergency Situation'),(837,'2019-12-25','Abnormal','Normal','Abnormal','4','High','Abnormal Behavior'),(837,'2019-12-26','Unstable','Abnormal','Normal','4','Medium','Episode Suspicion'),(900,'2019-12-17','Normal','Abnormal','Unstable','3','High','Safe'),(900,'2019-12-21','Stable','Stable','Unstable','3','Medium','Abnormal Behavior'),(901,'2019-12-17','Normal','Unstable','Unstable','2','High','Abnormal Behavior'),(901,'2019-12-18','Normal','Abnormal','Abnormal','3','Low','Emergency Situation'),(901,'2019-12-19','Stable','Stable','Unstable','4','Intense','Safe'),(901,'2019-12-20','Stable','Unstable','Normal','2','High','Abnormal Behavior'),(901,'2019-12-21','Abnormal','Normal','Stable','1','Intense','Episode Suspicion'),(901,'2019-12-22','Normal','Unstable','Normal','1','Medium','Abnormal Behavior'),(901,'2019-12-23','Unstable','Abnormal','Unstable','4','Intense','Safe'),(901,'2019-12-24','Abnormal','Unstable','Normal','2','Medium','Emergency Situation'),(901,'2019-12-25','Normal','Abnormal','Unstable','4','High','Episode Suspicion'),(901,'2019-12-26','Abnormal','Unstable','Normal','4','Intense','Abnormal Behavior'),(949,'2019-12-17','Normal','Unstable','Normal','3','High','Emergency Situation'),(949,'2019-12-18','Abnormal','Unstable','Abnormal','4','Low','Abnormal Behavior'),(949,'2019-12-19','Stable','Abnormal','Stable','5','Medium','Emergency Situation'),(949,'2019-12-20','Abnormal','Unstable','Abnormal','2','Medium','Emergency Situation'),(949,'2019-12-21','Normal','Abnormal','Stable','4','Medium','Emergency Situation'),(949,'2019-12-22','Stable','Unstable','Abnormal','5','High','Safe'),(949,'2019-12-23','Abnormal','Stable','Unstable','2','Medium','Safe'),(949,'2019-12-24','Stable','Normal','Unstable','3','High','Safe'),(949,'2019-12-25','Abnormal','Stable','Abnormal','1','Medium','Episode Suspicion'),(949,'2019-12-26','Normal','Unstable','Normal','2','Medium','Abnormal Behavior'),(950,'2019-12-17','Stable','Unstable','Normal','4','Low','Episode Suspicion'),(950,'2019-12-18','Unstable','Stable','Stable','2','Intense','Emergency Situation'),(950,'2019-12-19','Abnormal','Abnormal','Unstable','5','Medium','Safe'),(950,'2019-12-20','Abnormal','Unstable','Unstable','5','Intense','Episode Suspicion'),(950,'2019-12-21','Abnormal','Stable','Unstable','2','Medium','Episode Suspicion'),(950,'2019-12-22','Abnormal','Unstable','Abnormal','2','Intense','Episode Suspicion'),(950,'2019-12-23','Abnormal','Stable','Abnormal','2','Medium','Abnormal Behavior'),(950,'2019-12-24','Stable','Unstable','Abnormal','4','Low','Safe'),(950,'2019-12-25','Normal','Stable','Unstable','3','Medium','Safe'),(950,'2019-12-26','Stable','Normal','Unstable','2','High','Abnormal Behavior'),(978,'2019-12-17','Stable','Normal','Normal','5','Medium','Emergency Situation'),(978,'2019-12-18','Unstable','Unstable','Normal','1','Intense','Emergency Situation'),(978,'2019-12-19','Stable','Stable','Abnormal','1','High','Safe'),(978,'2019-12-20','Abnormal','Unstable','Stable','2','Intense','Episode Suspicion'),(978,'2019-12-21','Unstable','Normal','Unstable','4','High','Episode Suspicion'),(978,'2019-12-22','Unstable','Unstable','Unstable','5','Low','Episode Suspicion'),(978,'2019-12-23','Abnormal','Normal','Normal','3','Intense','Abnormal Behavior'),(978,'2019-12-24','Abnormal','Normal','Stable','3','Medium','Abnormal Behavior'),(978,'2019-12-25','Abnormal','Normal','Unstable','3','Intense','Abnormal Behavior'),(978,'2019-12-26','Unstable','Unstable','Unstable','3','High','Safe'),(1004,'2019-12-17','Unstable','Stable','Unstable','1','Medium','Safe'),(1004,'2019-12-18','Unstable','Unstable','Unstable','5','Medium','Episode Suspicion'),(1004,'2019-12-19','Unstable','Abnormal','Normal','3','Low','Episode Suspicion'),(1004,'2019-12-20','Unstable','Stable','Normal','2','High','Episode Suspicion'),(1004,'2019-12-21','Abnormal','Stable','Stable','1','Intense','Abnormal Behavior'),(1004,'2019-12-22','Unstable','Normal','Normal','4','Intense','Safe'),(1004,'2019-12-23','Normal','Normal','Abnormal','2','High','Abnormal Behavior'),(1004,'2019-12-24','Stable','Abnormal','Abnormal','2','Low','Safe'),(1004,'2019-12-25','Abnormal','Stable','Stable','4','High','Emergency Situation'),(1004,'2019-12-26','Unstable','Normal','Abnormal','2','Intense','Episode Suspicion'),(1075,'2019-12-17','Stable','Unstable','Stable','4','Intense','Emergency Situation'),(1075,'2019-12-18','Normal','Unstable','Normal','2','Intense','Episode Suspicion'),(1075,'2019-12-19','Unstable','Abnormal','Normal','4','Medium','Abnormal Behavior'),(1075,'2019-12-20','Abnormal','Unstable','Stable','4','Medium','Abnormal Behavior'),(1075,'2019-12-21','Stable','Normal','Normal','5','Low','Abnormal Behavior'),(1075,'2019-12-22','Stable','Unstable','Normal','4','Low','Abnormal Behavior'),(1075,'2019-12-23','Stable','Normal','Normal','5','Intense','Abnormal Behavior'),(1075,'2019-12-24','Abnormal','Stable','Unstable','3','Intense','Emergency Situation'),(1075,'2019-12-25','Unstable','Normal','Normal','2','Medium','Emergency Situation'),(1075,'2019-12-26','Normal','Abnormal','Normal','3','Low','Emergency Situation');
/*!40000 ALTER TABLE `history` ENABLE KEYS */;
UNLOCK TABLES;

--
-- Table structure for table `medicine`
--

DROP TABLE IF EXISTS `medicine`;
/*!40101 SET @saved_cs_client     = @@character_set_client */;
/*!40101 SET character_set_client = utf8 */;
CREATE TABLE `medicine` (
  `medicine_id` int(11) NOT NULL AUTO_INCREMENT,
  `name` varchar(50) NOT NULL,
  `type` varchar(50) NOT NULL,
  `company` varchar(50) NOT NULL,
  `price` float DEFAULT NULL,
  PRIMARY KEY (`medicine_id`),
  UNIQUE KEY `medicine_id_UNIQUE` (`medicine_id`)
) ENGINE=InnoDB AUTO_INCREMENT=31 DEFAULT CHARSET=utf8;
/*!40101 SET character_set_client = @saved_cs_client */;

--
-- Dumping data for table `medicine`
--

LOCK TABLES `medicine` WRITE;
/*!40000 ALTER TABLE `medicine` DISABLE KEYS */;
INSERT INTO `medicine` VALUES (1,'Lanoxin PG 62.5mcg','tablets','Bristol Laboratories Limited',20),(2,'Lanoxin PG Elixir','bottle','Bristol Laboratories Limited',10),(3,'Digoxin Sopharma 0.25mg','tablets','Bristol Laboratories Limited',15),(4,'Digoxin BP 62.5 mcg','tablets','Bristol Laboratories Limited',20),(5,'Lanoxin Solution for Injection 0.025%w/v','ampoules','Bristol Laboratories Limited',17),(6,'Rythmodan 100mg','capsules','Pfizer',30),(7,'Lidocaine Hydrochloride Injection 1%w/v','ampoules','Pfizer',100),(8,'Tambocor 100mg','tablets','Pfizer',200),(9,'Flecainide Acetate 100mg','tablets','Pfizer',25),(10,'Amiodarone','tablet','Pfizer',30),(11,'Cordarone 200mg','tablet','BIANEX',45),(12,'Gensulin R 100IU/ml','injection','Bayer',100),(13,'Gensulin M30 (30/70)','injection','BIANEX',10),(14,'Glucophage 850mg','tablet','BIANEX',13),(15,'GLUCOPHAGE 500mg','tablet','BIANEX',155),(16,'Metformin Teva 500mg','tablet','BIANEX',20),(17,'Sophamet 500mg','tablet','BIANEX',25),(18,'Metforal 500mg','tablet','Novartis',10),(19,'Metforal 850mg','tablet','Novartis',10),(20,'Metformin hydrochloride 850mg','tablet','Novartis',10),(21,'Abidec Multivitamin','drops','Bayer',12),(22,'Concavit','capsules','Novartis',21),(23,'Ketovite','tablets','Novartis',23),(24,'AlfaD 0.25 Microgram','capsules','Novartis',43),(25,'AlfaD 1 Microgram','capsules','Novartis',23),(26,'V-D-Bone Capsules','capsules','Novartis',23),(27,'Rocaltrol 0.25 microgram','capsules','Novartis',20),(28,'Tyvera 50mg','tablets','Novartis',20),(29,'Thiamine Hydrochloride','tablets','Novartis',15),(30,'Neuromultivit','tablets','Novartis',15);
/*!40000 ALTER TABLE `medicine` ENABLE KEYS */;
UNLOCK TABLES;

--
-- Temporary table structure for view `medicine_patients`
--

DROP TABLE IF EXISTS `medicine_patients`;
/*!50001 DROP VIEW IF EXISTS `medicine_patients`*/;
SET @saved_cs_client     = @@character_set_client;
SET character_set_client = utf8;
/*!50001 CREATE TABLE `medicine_patients` (
  `firstname` tinyint NOT NULL,
  `lastname` tinyint NOT NULL,
  `name` tinyint NOT NULL
) ENGINE=MyISAM */;
SET character_set_client = @saved_cs_client;

--
-- Table structure for table `prescription`
--

DROP TABLE IF EXISTS `prescription`;
/*!40101 SET @saved_cs_client     = @@character_set_client */;
/*!40101 SET character_set_client = utf8 */;
CREATE TABLE `prescription` (
  `doctor_id` int(11) NOT NULL COMMENT '	',
  `user_id` int(11) NOT NULL,
  `medicine_id` int(11) NOT NULL,
  `presc_date` date DEFAULT NULL,
  `days` int(11) DEFAULT NULL,
  `times_per_day` int(11) DEFAULT NULL,
  `exp_date` date DEFAULT NULL,
  PRIMARY KEY (`doctor_id`,`user_id`,`medicine_id`),
  KEY `fkpresc_user_id` (`user_id`),
  KEY `fkpresc_medicine_id` (`medicine_id`),
  CONSTRAINT `fkpresc_doctor_id` FOREIGN KEY (`doctor_id`) REFERENCES `doctor` (`doctor_id`) ON DELETE NO ACTION ON UPDATE NO ACTION,
  CONSTRAINT `fkpresc_medicine_id` FOREIGN KEY (`medicine_id`) REFERENCES `medicine` (`medicine_id`) ON DELETE NO ACTION ON UPDATE NO ACTION,
  CONSTRAINT `fkpresc_user_id` FOREIGN KEY (`user_id`) REFERENCES `user` (`user_id`) ON DELETE NO ACTION ON UPDATE NO ACTION
) ENGINE=InnoDB DEFAULT CHARSET=utf8;
/*!40101 SET character_set_client = @saved_cs_client */;

--
-- Dumping data for table `prescription`
--

LOCK TABLES `prescription` WRITE;
/*!40000 ALTER TABLE `prescription` DISABLE KEYS */;
INSERT INTO `prescription` VALUES (3,91,15,'2019-12-17',19,2,'2019-12-29'),(4,586,30,'2019-08-29',6,2,'2019-09-11'),(5,212,9,'2019-08-28',8,0,'2019-09-15'),(11,36,28,'2019-08-16',9,5,'2019-09-03'),(11,128,17,'2019-08-13',16,2,'2019-09-19'),(17,170,3,'2019-08-22',5,0,'2019-09-27'),(17,1076,20,'2019-09-02',6,1,'2019-09-16'),(18,147,8,'2019-09-03',17,0,'2019-10-02'),(21,58,1,'2019-12-17',7,3,'2020-01-01'),(25,418,16,'2019-12-17',19,3,'2019-12-30'),(25,1112,18,'2019-08-17',18,5,'2019-09-04'),(29,409,18,'2019-12-17',12,0,'2020-01-19'),(31,1025,3,'2019-09-01',15,5,'2019-10-05'),(35,754,29,'2019-09-01',10,5,'2019-10-05'),(41,1110,9,'2019-11-16',16,2,'2019-12-22'),(41,1110,14,'2019-12-17',12,2,'2020-01-02'),(44,131,20,'2019-08-26',6,0,'2019-09-11'),(44,530,10,'2019-12-17',16,3,'2019-12-28'),(44,567,13,'2019-12-17',9,0,'2020-01-22'),(44,974,5,'2019-08-27',19,1,'2019-09-12'),(46,492,15,'2019-12-17',19,0,'2020-01-01'),(46,869,11,'2019-12-17',14,5,'2020-01-14'),(47,132,13,'2019-12-17',5,0,'2020-01-11'),(47,186,26,'2019-08-21',7,3,'2019-09-01'),(47,203,26,'2019-08-28',18,5,'2019-10-03'),(47,233,1,'2019-12-17',11,2,'2020-01-07'),(47,558,17,'2019-08-15',9,1,'2019-09-08'),(47,789,10,'2019-12-17',12,3,'2020-01-19'),(47,1002,12,'2019-12-17',10,0,'2020-01-01'),(52,528,8,'2019-12-17',12,3,'2019-12-29'),(52,940,27,'2019-08-13',7,5,'2019-09-11'),(53,29,15,'2019-08-26',7,1,'2019-09-28'),(53,188,19,'2019-12-17',14,4,'2019-12-31'),(53,203,28,'2019-09-07',19,3,'2019-10-12'),(53,352,28,'2019-12-17',12,0,'2020-01-19'),(53,462,12,'2019-08-20',19,1,'2019-09-20'),(53,592,11,'2019-11-27',11,4,'2019-12-29'),(53,592,14,'2019-08-26',8,5,'2019-09-27'),(53,759,15,'2019-08-10',8,2,'2019-08-23'),(53,897,6,'2019-08-16',10,2,'2019-09-11'),(53,897,28,'2019-12-17',9,2,'2019-12-29'),(53,1074,7,'2019-12-17',17,4,'2020-01-18'),(54,592,29,'2019-08-12',17,2,'2019-09-09'),(54,598,22,'2019-12-17',7,4,'2020-01-09'),(54,609,22,'2019-08-23',5,1,'2019-09-07'),(54,674,23,'2019-09-01',17,5,'2019-09-26'),(54,729,28,'2019-12-07',5,5,'2019-12-17'),(54,928,23,'2019-09-04',11,2,'2019-09-14'),(54,1003,20,'2019-12-17',15,0,'2020-01-19'),(56,997,27,'2019-08-11',9,1,'2019-08-25'),(74,319,26,'2019-08-29',9,2,'2019-09-17'),(76,5,21,'2019-12-17',10,3,'2020-01-21'),(76,759,16,'2019-08-19',18,5,'2019-09-05'),(76,759,20,'2019-12-17',15,5,'2020-01-14'),(77,160,10,'2019-09-03',6,0,'2019-10-02'),(78,22,29,'2019-09-02',15,5,'2019-10-09'),(78,547,16,'2019-08-28',15,4,'2019-09-11'),(78,547,24,'2019-12-17',13,4,'2020-01-16'),(78,564,30,'2019-12-17',4,3,'2020-01-01'),(78,597,28,'2019-08-20',16,1,'2019-09-04'),(78,720,13,'2019-09-05',7,0,'2019-09-15'),(78,1048,26,'2019-12-17',10,1,'2020-01-09'),(79,1118,26,'2019-08-26',6,2,'2019-09-11'),(88,920,11,'2019-09-01',9,2,'2019-10-09'),(95,8,23,'2019-09-08',19,4,'2019-09-26'),(95,8,30,'2019-12-17',19,4,'2020-01-06'),(95,554,9,'2019-08-25',7,0,'2019-09-11'),(95,673,15,'2019-09-05',15,4,'2019-09-29'),(95,1002,12,'2019-12-17',14,4,'2020-01-20'),(98,1041,15,'2019-08-17',10,2,'2019-09-10'),(107,786,22,'2019-08-18',18,4,'2019-09-07'),(107,786,26,'2019-09-06',11,5,'2019-10-01'),(108,3,13,'2019-09-08',11,4,'2019-10-10'),(108,29,7,'2019-08-24',16,0,'2019-09-07'),(108,278,10,'2019-12-17',7,5,'2020-01-11'),(108,349,15,'2019-08-16',8,5,'2019-09-07'),(108,536,3,'2019-08-19',18,3,'2019-09-01'),(108,755,30,'2019-11-17',17,1,'2019-12-04'),(109,287,20,'2019-12-17',16,2,'2020-01-13'),(109,1069,1,'2019-12-17',10,1,'2020-01-14'),(117,372,14,'2019-08-25',7,5,'2019-09-07'),(126,891,19,'2019-12-17',8,4,'2020-01-01'),(126,976,8,'2019-08-11',8,3,'2019-08-31'),(127,1022,16,'2019-12-17',13,5,'2020-01-01'),(133,572,16,'2019-12-01',13,0,'2019-12-25'),(134,103,28,'2019-12-17',16,5,'2019-12-30'),(135,754,19,'2019-12-17',9,4,'2019-12-27'),(146,304,26,'2019-12-17',14,5,'2020-01-10'),(154,5,16,'2019-12-17',9,2,'2020-01-24'),(154,235,28,'2019-08-16',10,1,'2019-09-23'),(154,742,26,'2019-12-17',6,1,'2020-01-02'),(159,661,4,'2019-12-17',15,2,'2020-01-25'),(163,598,11,'2019-08-31',11,2,'2019-10-02'),(163,812,29,'2019-09-06',10,0,'2019-10-04'),(164,215,6,'2019-08-18',11,4,'2019-09-08'),(165,382,14,'2019-08-31',5,1,'2019-09-13'),(165,382,26,'2019-08-30',11,2,'2019-10-07'),(165,767,7,'2019-08-25',8,4,'2019-09-29'),(166,472,2,'2019-12-17',19,0,'2020-01-05'),(166,472,25,'2019-09-01',14,0,'2019-09-28'),(170,277,6,'2019-12-17',9,0,'2019-12-30'),(170,277,18,'2019-09-03',5,5,'2019-10-03'),(176,384,25,'2019-08-25',8,4,'2019-09-25');
/*!40000 ALTER TABLE `prescription` ENABLE KEYS */;
UNLOCK TABLES;

--
-- Table structure for table `user`
--

DROP TABLE IF EXISTS `user`;
/*!40101 SET @saved_cs_client     = @@character_set_client */;
/*!40101 SET character_set_client = utf8 */;
CREATE TABLE `user` (
  `user_id` int(11) NOT NULL AUTO_INCREMENT,
  `username` varchar(50) NOT NULL,
  `password` varchar(50) NOT NULL,
  `firstname` varchar(50) NOT NULL,
  `lastname` varchar(50) NOT NULL,
  `birthdate` date NOT NULL,
  `weight` float NOT NULL,
  `height` int(11) NOT NULL,
  `disease` varchar(50) DEFAULT NULL,
  `email` varchar(50) NOT NULL,
  PRIMARY KEY (`user_id`),
  UNIQUE KEY `user_id_UNIQUE` (`user_id`),
  UNIQUE KEY `username_UNIQUE` (`username`)
) ENGINE=InnoDB AUTO_INCREMENT=1121 DEFAULT CHARSET=utf8;
/*!40101 SET character_set_client = @saved_cs_client */;

--
-- Dumping data for table `user`
--

LOCK TABLES `user` WRITE;
/*!40000 ALTER TABLE `user` DISABLE KEYS */;
INSERT INTO `user` VALUES (1,'admin','admin','Admin','Admin','1997-08-10',1,1,'','admin@admin.com'),(2,'userPaul2','password','Paul','Abdul','1999-05-25',100,100,'Cardiac','userPaul2@gmail.com'),(3,'userDimitra3','CG7NEMMON','Dimitra','James','2012-11-20',100,100,'Cardiac','userDimitra3@gmail.com'),(4,'userThanos4','CXQ4YEL8L','Thanos','Papadopoulos','1983-08-18',100,100,'Cardiac','userThanos4@gmail.com'),(5,'userJohn5','7OS7DWDYG','John','Trump','2016-07-17',100,192,'Cardiac','userJohn5@gmail.com'),(6,'userVaggelis6','TSZD9X5BZ','Vaggelis','Stevens','1994-12-21',100,184,'Cardiac','userVaggelis6@gmail.com'),(7,'userGeorge7','OFSJ94WNO','George','Evans','1984-04-20',100,178,'Cardiac','userGeorge7@gmail.com'),(8,'userDimitra8','VTMU8ZV7T','Dimitra','Brooks','2002-01-01',101.5,154,'Cardiac','userDimitra8@gmail.com'),(9,'userJohn9','9TCKMC5U0','John','James','2005-08-17',50.5,144,'Asthma','userJohn9@gmail.com'),(10,'userIppokratis10','9XZ0HR1M5','Ippokratis','Mitsotakis','1983-12-07',75.5,136,'Anemia','userIppokratis10@gmail.com'),(11,'userJohn11','EWLQTPX8I','John','Curry','1999-05-05',57.5,141,'Heart Attacks','userJohn11@gmail.com'),(12,'userIppokratis12','AEBIGRTL3','Ippokratis','Evans','2016-03-27',112.5,133,'Cardiomyopathies','userIppokratis12@gmail.com'),(13,'userGeorgina13','Y6PLOKGHM','Georgina','Evanson','2008-03-21',109.5,150,'Obesity','userGeorgina13@gmail.com'),(14,'userSully14','89JPZ6IJ7','Sully','Minos','2007-04-08',55.5,192,'Arthritis','userSully14@gmail.com'),(15,'userAggeliki15','J3ONBPOXU','Aggeliki','Abdul','1989-01-09',91.5,182,'Heart Failure','userAggeliki15@gmail.com'),(16,'userAggeliki16','CR88HO792','Aggeliki','Brooks','2004-11-03',90.5,200,'Vascular disease','userAggeliki16@gmail.com'),(17,'userAli17','NTR4CFMG8','Ali','Brooks','1983-08-27',110.5,164,'Heart Stroke','userAli17@gmail.com'),(18,'userThanos18','KZ391F00D','Thanos','Mitsotakis','2018-01-11',104.5,200,'Pericarditis','userThanos18@gmail.com'),(19,'userNick19','UOCVG19HA','Nick','Pap','1988-03-28',117.5,146,'Alzheimer','userNick19@gmail.com'),(20,'userPat20','P3K7BEITW','Pat','Abdul','1989-11-29',54.5,145,'Alzheimer','userPat20@gmail.com'),(21,'userDelilah21','X96VNDG8D','Delilah','Mitsotakis','2019-11-11',52.5,170,'Vascular disease','userDelilah21@gmail.com'),(22,'userGeorgina22','5ZW9MYOK6','Georgina','Stevens','2019-03-09',59.5,209,'Vascular disease','userGeorgina22@gmail.com'),(23,'userAristotelis23','XBCVQRQAG','Aristotelis','Alvarez','1999-07-07',64.5,189,'Alzheimer','userAristotelis23@gmail.com'),(24,'userThemis24','T2JMBH24U','Themis','Minos','1997-08-15',51.5,189,'Heart Stroke','userThemis24@gmail.com'),(25,'userShergey25','G72WL8RI9','Shergey','Ramirez','2009-04-02',64.5,165,'Diabetes','userShergey25@gmail.com'),(26,'userAli26','548QB7WMD','Ali','Evanson','2012-10-29',46.5,174,'Heart rrhythmias','userAli26@gmail.com'),(27,'userErine27','A9C6H3T67','Erine','Minos','2008-07-24',110.5,159,'Anemia','userErine27@gmail.com'),(28,'userSully28','RQ64IDDPN','Sully','Brooks','1983-09-29',84.5,194,'Alzheimer','userSully28@gmail.com'),(29,'userGeorge29','GYJM88HW6','George','Ramirez','1984-12-19',85.5,215,'Cardiomyopathies','userGeorge29@gmail.com'),(30,'userThemis30','E7W4P2ZL1','Themis','Mitsotakis','1999-12-19',103.5,151,'Heart Failure','userThemis30@gmail.com'),(31,'userSully31','JCRFPU42A','Sully','Curry','1991-03-05',52.5,146,'Asthma','userSully31@gmail.com'),(32,'userAristotelis32','RSJTR0GA0','Aristotelis','James','2003-03-20',95.5,120,'Asthma','userAristotelis32@gmail.com'),(33,'userAristotelis33','AJCX4B2ZS','Aristotelis','Stevens','1992-05-04',51.5,143,'Diabetes','userAristotelis33@gmail.com'),(34,'userSiri34','1PORE4B2X','Siri','Obama','1995-01-26',119.5,216,'Heart Stroke','userSiri34@gmail.com'),(35,'userIppokratis35','4QWRC0SJO','Ippokratis','Trump','2017-03-05',73.5,186,'Alzheimer','userIppokratis35@gmail.com'),(36,'userDelilah36','MOYMJ7R98','Delilah','Zik','1982-12-22',60.5,131,'Overwork','userDelilah36@gmail.com'),(37,'userPaul37','FYMUFRQ7E','Paul','Trump','2018-06-14',88.5,195,'Asthma','userPaul37@gmail.com'),(38,'userMariah38','7P20CVIQX','Mariah','Trump','2006-01-21',62.5,123,'Anemia','userMariah38@gmail.com'),(39,'userVaggelis39','SPN580JSF','Vaggelis','Trump','1992-11-08',113.5,161,'Heart Failure','userVaggelis39@gmail.com'),(40,'userThemis40','60FT2L82H','Themis','Evanson','2014-09-09',84.5,135,'Anemia','userThemis40@gmail.com'),(41,'userNick41','KA8HH7VJL','Nick','Ippokratous','2017-07-25',71.5,177,'Diabetes','userNick41@gmail.com'),(42,'userAggeliki42','CP3IU1ROP','Aggeliki','Aristotelous','2012-12-08',78.5,186,'Heart Failure','userAggeliki42@gmail.com'),(43,'userGeorge43','MY9HPEV7B','George','Mitsotakis','1993-02-26',60.5,212,'Meditteranean Anemia','userGeorge43@gmail.com'),(44,'userDimitra44','BU7018GZ3','Dimitra','James','1991-03-15',118.5,176,'Parkinson','userDimitra44@gmail.com'),(45,'userPat45','RIP0VQH3D','Pat','Jameson','1985-05-25',88.5,134,'Pericarditis','userPat45@gmail.com'),(46,'userMichael46','FKAIRXY65','Michael','Evanson','2004-01-03',63.5,218,'Heart rrhythmias','userMichael46@gmail.com'),(47,'userAlexa47','PBZUA7JH8','Alexa','McGee','1981-09-13',54.5,184,'Cardiomyopathies','userAlexa47@gmail.com'),(48,'userThanos48','4589GGCQ7','Thanos','Stevenson','1997-06-26',95.5,173,'Alzheimer','userThanos48@gmail.com'),(49,'userIppokratis49','URFW6UFWF','Ippokratis','McGregor','2004-07-10',96.5,135,'Diabetes','userIppokratis49@gmail.com'),(50,'userShergey50','JAMIDGWP6','Shergey','Pap','2011-05-23',107.5,162,'Alzheimer','userShergey50@gmail.com'),(51,'userMaria51','DL89Y0BEA','Maria','Ippokratous','2017-10-11',93.5,122,'Cardiomyopathies','userMaria51@gmail.com'),(52,'userDelilah52','Y4N3A5SCD','Delilah','Mitsotakis','1996-09-04',84.5,195,'Diabetes','userDelilah52@gmail.com'),(53,'userPat53','AHDSYONFB','Pat','McGee','1993-02-26',100.5,174,'Diabetes','userPat53@gmail.com'),(54,'userDimitris54','L4WCFF6PP','Dimitris','Evans','2010-07-08',103.5,134,'Arthritis','userDimitris54@gmail.com'),(55,'userSully55','G3T72NT9S','Sully','Jameson','2015-07-21',91.5,191,'Vascular disease','userSully55@gmail.com'),(56,'userSully56','OPGKV3C0F','Sully','Ippokratous','1992-06-05',56.5,177,'Pericarditis','userSully56@gmail.com'),(57,'userDimitris57','VDRZH4B09','Dimitris','Curry','1981-10-01',88.5,204,'Heart Stroke','userDimitris57@gmail.com'),(58,'userAli58','3RUZSQ02P','Ali','Papagiannes','2014-07-07',97.5,124,'Heart Attacks','userAli58@gmail.com'),(59,'userSiri59','V9Y944D0L','Siri','Pap','1993-02-03',98.5,163,'Asthma','userSiri59@gmail.com'),(60,'userMariah60','NJRFUAY8T','Mariah','McGee','2004-09-14',91.5,207,'Arthritis','userMariah60@gmail.com'),(61,'userErine61','FEQMF7RHE','Erine','Zik','2009-01-26',113.5,183,'Heart rrhythmias','userErine61@gmail.com'),(62,'userPaul62','WHE8EG9V0','Paul','Brooks','2014-11-26',117.5,156,'Parkinson','userPaul62@gmail.com'),(63,'userPaul63','SHSQVV0CO','Paul','Alvarez','1994-10-22',94.5,147,'Vascular disease','userPaul63@gmail.com'),(64,'userDimitra64','S8N8RR0KB','Dimitra','McGregor','2016-04-15',57.5,173,'Arthritis','userDimitra64@gmail.com'),(65,'userMariah65','EWP5T6B3R','Mariah','Kay','2009-11-04',49.5,171,'Arthritis','userMariah65@gmail.com'),(66,'userAristotelis66','HMVI0NW5J','Aristotelis','Papagiannes','2017-01-13',88.5,182,'Obesity','userAristotelis66@gmail.com'),(67,'userShergey67','JXUZ11WGX','Shergey','Georgiou','2013-09-19',62.5,185,'Meditteranean Anemia','userShergey67@gmail.com'),(68,'userDimitris68','X775I010R','Dimitris','Stevenson','2016-08-02',94.5,217,'Overwork','userDimitris68@gmail.com'),(69,'userVaggelis69','N3602X1K7','Vaggelis','Jameson','1991-08-27',111.5,138,'Cardiomyopathies','userVaggelis69@gmail.com'),(70,'userDelilah70','XUK74UD9T','Delilah','Jameson','2016-11-27',90.5,198,'Obesity','userDelilah70@gmail.com'),(71,'userPaul71','2EE68RG1M','Paul','Curry','1993-06-25',87.5,194,'Heart Attacks','userPaul71@gmail.com'),(72,'userSiri72','OBZ64PUMH','Siri','Stevenson','2019-05-21',76.5,120,'Vascular disease','userSiri72@gmail.com'),(73,'userGeorge73','L0MGK3QI0','George','Evanson','1996-04-18',98.5,188,'Cardiomyopathies','userGeorge73@gmail.com'),(74,'userAli74','WSPFDGNG8','Ali','Stevenson','2004-06-16',81.5,141,'Alzheimer','userAli74@gmail.com'),(75,'userMariah75','7EPRGQDS9','Mariah','Kay','2012-07-29',60.5,167,'Meditteranean Anemia','userMariah75@gmail.com'),(76,'userJohn76','QXC1JD6RC','John','Trump','2011-06-08',79.5,179,'Arthritis','userJohn76@gmail.com'),(77,'userDimitra77','7UTLGXGR6','Dimitra','Papadopoulos','2006-06-30',58.5,202,'Heart rrhythmias','userDimitra77@gmail.com'),(78,'userGeorge78','115N50E5R','George','Stevens','2014-09-05',74.5,174,'Obesity','userGeorge78@gmail.com'),(79,'userMaria79','CQIUNXWEI','Maria','Aristotelous','1983-05-09',91.5,142,'Meditteranean Anemia','userMaria79@gmail.com'),(80,'userMariah80','FO2URXUWW','Mariah','Brooks','2008-01-29',117.5,202,'Cardiomyopathies','userMariah80@gmail.com'),(81,'userDelilah81','E23IW4TGD','Delilah','McGee','2016-06-17',113.5,143,'Heart Failure','userDelilah81@gmail.com'),(82,'userThemis82','LS23ZH1NG','Themis','James','2003-10-11',98.5,149,'Meditteranean Anemia','userThemis82@gmail.com'),(83,'userMaria83','XKVRW41GR','Maria','Jameson','2003-08-06',59.5,185,'Vascular disease','userMaria83@gmail.com'),(84,'userMaria84','3G5UA4LW9','Maria','Kay','2010-01-13',52.5,191,'Pericarditis','userMaria84@gmail.com'),(85,'userGeorgina85','3UT2XNF4W','Georgina','James','1991-12-28',73.5,186,'Arthritis','userGeorgina85@gmail.com'),(86,'userGeorge86','XMAND337L','George','Mitsotakis','1990-12-19',71.5,169,'Vascular disease','userGeorge86@gmail.com'),(87,'userIppokratis87','24UXV9PSJ','Ippokratis','Obama','2011-09-07',89.5,149,'Meditteranean Anemia','userIppokratis87@gmail.com'),(88,'userAristotelis88','6A2CGT96E','Aristotelis','McGee','1982-01-21',73.5,211,'Overwork','userAristotelis88@gmail.com'),(89,'userJohn89','C10H9IFHE','John','Mitsotakis','2000-01-12',76.5,173,'Vascular disease','userJohn89@gmail.com'),(90,'userMaria90','E4LI3ASTU','Maria','Obama','1987-07-01',61.5,173,'Meditteranean Anemia','userMaria90@gmail.com'),(91,'userAristotelis91','Q7A8QB3NL','Aristotelis','Ramirez','2010-02-16',63.5,167,'Meditteranean Anemia','userAristotelis91@gmail.com'),(92,'userGeorge92','Q8D6RM9QS','George','Trump','2006-05-03',94.5,141,'Asthma','userGeorge92@gmail.com'),(93,'userMariah93','H9RSSS0HW','Mariah','Obama','2012-07-26',112.5,207,'Diabetes','userMariah93@gmail.com'),(94,'userThemis94','8CZDYD1OT','Themis','Papagiannes','2008-09-08',53.5,189,'Heart Stroke','userThemis94@gmail.com'),(95,'userPaul95','8155J94YT','Paul','Evans','2016-10-05',48.5,218,'Cardiomyopathies','userPaul95@gmail.com'),(96,'userPat96','138SF1U7A','Pat','Stevens','1985-04-19',87.5,131,'Parkinson','userPat96@gmail.com'),(97,'userMichael97','33LULXZAC','Michael','Alvarez','2016-08-25',118.5,175,'Overwork','userMichael97@gmail.com'),(98,'userIppokratis98','QSK4UCLRZ','Ippokratis','Obama','1999-08-14',85.5,129,'Diabetes','userIppokratis98@gmail.com'),(99,'userThanos99','GM464ER2Z','Thanos','Papagiannes','1988-07-19',100.5,141,'Heart Stroke','userThanos99@gmail.com'),(100,'userThemis100','HBA0QDRAA','Themis','Papadopoulos','1986-04-01',62.5,173,'Alzheimer','userThemis100@gmail.com'),(101,'userThemis101','MZZQD8FJR','Themis','Alvarez','2003-12-08',97.5,137,'Vascular disease','userThemis101@gmail.com'),(102,'userErine102','NQOYMOTZ7','Erine','Curry','1985-10-04',56.5,125,'Diabetes','userErine102@gmail.com'),(103,'userNick103','WA3X4U5RR','Nick','Minos','2018-11-07',119.5,200,'Asthma','userNick103@gmail.com'),(104,'userSiri104','71EDLIGTM','Siri','McGregor','2003-03-04',85.5,155,'Heart rrhythmias','userSiri104@gmail.com'),(105,'userSully105','H5RQW37WB','Sully','Abdul','2015-04-27',120.5,183,'Overwork','userSully105@gmail.com'),(106,'userNick106','9X30VRI14','Nick','Ramirez','2001-08-17',53.5,131,'Heart rrhythmias','userNick106@gmail.com'),(107,'userSully107','Q56OOAM7F','Sully','Brooks','2004-05-05',105.5,199,'Anemia','userSully107@gmail.com'),(108,'userDimitris108','6M0AGN24','Dimitris','Curry','1989-02-08',57.5,158,'Obesity','userDimitris108@gmail.com'),(109,'userPaul109','W4NK7Z7PY','Paul','Pap','1985-01-02',63.5,170,'Diabetes','userPaul109@gmail.com'),(110,'userShergey110','XZVS852WJ','Shergey','Abdul','2014-11-01',63.5,203,'Pericarditis','userShergey110@gmail.com'),(111,'userNick111','63OUW3G1W','Nick','Trump','2008-02-02',58.5,214,'Overwork','userNick111@gmail.com'),(112,'userNick112','LNJ690NU6','Nick','Ramirez','2017-03-20',61.5,210,'Cardiomyopathies','userNick112@gmail.com'),(113,'userPaul113','RQWFIUO7C','Paul','Mitsotakis','1996-08-14',92.5,153,'Vascular disease','userPaul113@gmail.com'),(114,'userAlexa114','D75JO6MXA','Alexa','Jameson','2002-08-09',97.5,129,'Meditteranean Anemia','userAlexa114@gmail.com'),(115,'userGeorge115','PAB326B9Z','George','Obama','2003-06-07',51.5,136,'Overwork','userGeorge115@gmail.com'),(116,'userThemis116','YGJD3Y33C','Themis','Curry','1992-05-07',49.5,131,'Heart Attacks','userThemis116@gmail.com'),(117,'userSully117','376TSC9V1','Sully','James','1993-05-10',76.5,219,'Heart Stroke','userSully117@gmail.com'),(118,'userIppokratis118','H8Y771CGD','Ippokratis','McGee','1997-03-28',47.5,162,'Heart rrhythmias','userIppokratis118@gmail.com'),(119,'userDimitra119','K08US8ODK','Dimitra','Pap','1983-07-05',45.5,138,'Vascular disease','userDimitra119@gmail.com'),(120,'userMaria120','9FYMPIGZU','Maria','Evans','2014-03-28',46.5,187,'Vascular disease','userMaria120@gmail.com'),(121,'userDimitris121','PWIUW8ZTR','Dimitris','Curry','2015-05-16',68.5,137,'Cardiomyopathies','userDimitris121@gmail.com'),(122,'userNick122','1CCXKABD6','Nick','Curry','2000-08-14',95.5,201,'Asthma','userNick122@gmail.com'),(123,'userSiri123','VQS6S14Q1','Siri','Obama','1988-03-28',64.5,197,'Asthma','userSiri123@gmail.com'),(124,'userDimitra124','19J6Y9E20','Dimitra','Ramirez','1994-07-09',67.5,169,'Heart Stroke','userDimitra124@gmail.com'),(125,'userDimitris125','CYOIFFDEF','Dimitris','Obama','2004-05-07',55.5,169,'Asthma','userDimitris125@gmail.com'),(126,'userVaggelis126','MI81SYF1B','Vaggelis','Minos','2012-07-26',47.5,181,'Overwork','userVaggelis126@gmail.com'),(127,'userGeorgina127','5F0TFSR0O','Georgina','Abdul','1993-10-02',65.5,148,'Heart rrhythmias','userGeorgina127@gmail.com'),(128,'userDimitris128','IPILWO0UF','Dimitris','Evans','2019-08-14',73.5,206,'Overwork','userDimitris128@gmail.com'),(129,'userDimitra129','7YV7IPU3J','Dimitra','Papagiannes','1996-02-21',87.5,212,'Pericarditis','userDimitra129@gmail.com'),(130,'userSully130','AGRULBK57','Sully','Ippokratous','2010-05-29',108.5,163,'Obesity','userSully130@gmail.com'),(131,'userJohn131','SKZDY48C4','John','Brooks','1998-02-02',114.5,208,'Overwork','userJohn131@gmail.com'),(132,'userAli132','82N3AKBXX','Ali','Minos','2019-06-07',75.5,216,'Pericarditis','userAli132@gmail.com'),(133,'userMichael133','F1HQLIMP0','Michael','Stevens','2014-02-14',116.5,143,'Diabetes','userMichael133@gmail.com'),(134,'userPaul134','2PHZ0ZMHG','Paul','Jameson','2010-03-06',79.5,171,'Heart Failure','userPaul134@gmail.com'),(135,'userDelilah135','L891HB5VO','Delilah','Trump','1993-08-23',101.5,189,'Asthma','userDelilah135@gmail.com'),(136,'userPat136','AWVA4IU8W','Pat','Evans','2009-08-07',91.5,143,'Diabetes','userPat136@gmail.com'),(137,'userMichael137','GW2T2VC50','Michael','Aristotelous','2001-09-29',53.5,131,'Overwork','userMichael137@gmail.com'),(138,'userPat138','IBTB411T3','Pat','Ramirez','2013-01-03',112.5,210,'Vascular disease','userPat138@gmail.com'),(139,'userMariah139','RH0NF8TF2','Mariah','Aristotelous','2002-06-23',57.5,162,'Cardiomyopathies','userMariah139@gmail.com'),(140,'userDimitris140','WJ8V8A844','Dimitris','Evanson','1990-03-24',59.5,184,'Heart Failure','userDimitris140@gmail.com'),(141,'userIppokratis141','7BYWTZDN2','Ippokratis','McGregor','1993-09-18',120.5,214,'Meditteranean Anemia','userIppokratis141@gmail.com'),(142,'userShergey142','UNYG9BVFR','Shergey','Obama','2012-05-21',64.5,187,'Heart Failure','userShergey142@gmail.com'),(143,'userAli143','4XDBAUHGX','Ali','Mitsotakis','2008-01-05',61.5,136,'Heart Failure','userAli143@gmail.com'),(144,'userMariah144','F11VDXD6U','Mariah','Papadopoulos','1983-01-30',69.5,191,'Pericarditis','userMariah144@gmail.com'),(145,'userAli145','EULL5PBBT','Ali','Brooks','2010-12-05',107.5,158,'Heart rrhythmias','userAli145@gmail.com'),(146,'userMariah146','ABCAMG7TU','Mariah','Obama','1983-12-22',79.5,162,'Meditteranean Anemia','userMariah146@gmail.com'),(147,'userAggeliki147','A7OT43V5K','Aggeliki','Kay','1994-02-15',110.5,146,'Pericarditis','userAggeliki147@gmail.com'),(148,'userNick148','J6JO88TX0','Nick','Abdul','2016-02-15',92.5,201,'Heart Failure','userNick148@gmail.com'),(149,'userSiri149','DGMO2QDXI','Siri','Papadopoulos','2012-11-14',92.5,178,'Diabetes','userSiri149@gmail.com'),(150,'userAristotelis150','9Q2WFVV7Q','Aristotelis','Alvarez','1986-10-17',93.5,182,'Heart Attacks','userAristotelis150@gmail.com'),(151,'userShergey151','MVCV83QQP','Shergey','Ippokratous','2007-07-08',101.5,197,'Anemia','userShergey151@gmail.com'),(152,'userGeorge152','7TC93KRXE','George','Papa','2016-03-15',103.5,177,'Heart Attacks','userGeorge152@gmail.com'),(153,'userJohn153','V2B7QK39I','John','Obama','1991-04-03',79.5,120,'Overwork','userJohn153@gmail.com'),(154,'userGeorgina154','7H2YQKE6','Georgina','Georgiou','1982-04-17',81.5,164,'Heart Attacks','userGeorgina154@gmail.com'),(155,'userVaggelis155','VUC7XAJNO','Vaggelis','Evans','2009-09-30',95.5,171,'Diabetes','userVaggelis155@gmail.com'),(156,'userSiri156','D36P1HLEP','Siri','Alvarez','1990-09-16',64.5,122,'Heart Stroke','userSiri156@gmail.com'),(157,'userErine157','WX7I1UPT8','Erine','Trump','2013-04-05',96.5,204,'Asthma','userErine157@gmail.com'),(158,'userPat158','BAQZ266H7','Pat','James','1986-07-02',73.5,145,'Alzheimer','userPat158@gmail.com'),(159,'userMichael159','JBEEHHDT3','Michael','Aristotelous','2011-10-25',111.5,195,'Cardiomyopathies','userMichael159@gmail.com'),(160,'userPat160','43GCYAGWS','Pat','Abdul','2014-01-25',96.5,215,'Diabetes','userPat160@gmail.com'),(161,'userMariah161','KR0KZ84YQ','Mariah','McGee','2016-06-26',59.5,191,'Parkinson','userMariah161@gmail.com'),(162,'userMaria162','Q8N75KUQQ','Maria','McGregor','2010-04-28',119.5,135,'Parkinson','userMaria162@gmail.com'),(163,'userSully163','LWUGLNSZR','Sully','McGee','2001-01-05',87.5,153,'Vascular disease','userSully163@gmail.com'),(164,'userMichael164','2XQAXAN4V','Michael','Ramirez','2004-04-11',111.5,134,'Overwork','userMichael164@gmail.com'),(165,'userGeorgina165','HCAG5JKSL','Georgina','Kay','2006-08-03',72.5,197,'Cardiomyopathies','userGeorgina165@gmail.com'),(166,'userMichael166','4TRPI8RF6','Michael','Alvarez','2003-09-21',54.5,156,'Vascular disease','userMichael166@gmail.com'),(167,'userPat167','O5VKP98G8','Pat','Obama','2016-06-23',58.5,183,'Anemia','userPat167@gmail.com'),(168,'userErine168','H1J2381MO','Erine','Trump','1994-01-16',103.5,202,'Vascular disease','userErine168@gmail.com'),(169,'userIppokratis169','RTGVOM541','Ippokratis','Ramirez','1999-11-21',81.5,206,'Alzheimer','userIppokratis169@gmail.com'),(170,'userSully170','F8IGG4PPU','Sully','Evanson','2016-06-13',101.5,162,'Meditteranean Anemia','userSully170@gmail.com'),(171,'userGeorgina171','XLLLXHSGL','Georgina','Zik','2014-03-13',104.5,165,'Vascular disease','userGeorgina171@gmail.com'),(172,'userGeorge172','DX39OPVW7','George','Papadopoulos','1985-02-28',69.5,211,'Obesity','userGeorge172@gmail.com'),(173,'userGeorgina173','3EQC97YZN','Georgina','Mitsotakis','2015-08-29',72.5,168,'Heart Attacks','userGeorgina173@gmail.com'),(174,'userPat174','LXSWL8AO9','Pat','Ippokratous','1981-09-22',81.5,160,'Alzheimer','userPat174@gmail.com'),(175,'userIppokratis175','VV4QPGBDW','Ippokratis','McGregor','2006-12-27',69.5,178,'Vascular disease','userIppokratis175@gmail.com'),(176,'userMariah176','O2TMQH287','Mariah','Abdul','1994-08-26',81.5,165,'Arthritis','userMariah176@gmail.com'),(177,'userMichael177','QGTC851A0','Michael','Evans','1987-10-06',119.5,158,'Arthritis','userMichael177@gmail.com'),(178,'userDelilah178','NYVO61TLK','Delilah','Zik','2019-01-03',101.5,186,'Asthma','userDelilah178@gmail.com'),(179,'userIppokratis179','PFXAHWOQM','Ippokratis','Trump','2014-05-28',58.5,168,'Cardiomyopathies','userIppokratis179@gmail.com'),(180,'userGeorge180','8BIL4XG6V','George','Stevens','2017-09-12',94.5,126,'Arthritis','userGeorge180@gmail.com'),(181,'userNick181','9SXWNIQGP','Nick','Stevenson','2012-03-15',89.5,150,'Heart Attacks','userNick181@gmail.com'),(182,'userDimitris182','5RXQ5O6MN','Dimitris','Ippokratous','1984-07-29',54.5,208,'Asthma','userDimitris182@gmail.com'),(183,'userAristotelis183','MK8XJFTM3','Aristotelis','James','2003-09-01',75.5,196,'Heart Failure','userAristotelis183@gmail.com'),(184,'userJohn184','9CNZOZB4','John','Ippokratous','2013-03-08',84.5,125,'Cardiomyopathies','userJohn184@gmail.com'),(185,'userDimitra185','Y0WBMIY6B','Dimitra','Alvarez','2013-10-16',67.5,219,'Asthma','userDimitra185@gmail.com'),(186,'userNick186','4V3UFUA0C','Nick','Evanson','1991-02-07',90.5,192,'Heart rrhythmias','userNick186@gmail.com'),(187,'userDimitris187','QFPZLKD01','Dimitris','Curry','2011-05-31',67.5,200,'Heart Failure','userDimitris187@gmail.com'),(188,'userVaggelis188','QK8WY9P7J','Vaggelis','Ippokratous','2002-09-29',77.5,197,'Heart rrhythmias','userVaggelis188@gmail.com'),(189,'userMariah189','BBWT5T23R','Mariah','James','2013-05-31',87.5,149,'Obesity','userMariah189@gmail.com'),(190,'userVaggelis190','VCA5XYJGS','Vaggelis','Kay','2013-08-12',55.5,137,'Meditteranean Anemia','userVaggelis190@gmail.com'),(191,'userDelilah191','EZMO8RIFR','Delilah','Alvarez','2010-08-06',82.5,196,'Overwork','userDelilah191@gmail.com'),(192,'userJohn192','LHGOSI2IK','John','Kay','2017-07-28',116.5,171,'Overwork','userJohn192@gmail.com'),(193,'userThanos193','5W9BDA7D9','Thanos','Abdul','1991-11-27',80.5,132,'Arthritis','userThanos193@gmail.com'),(194,'userMaria194','Q9NE6JO42','Maria','Mitsotakis','1999-09-30',47.5,178,'Alzheimer','userMaria194@gmail.com'),(195,'userThanos195','4U2GXLPPP','Thanos','Jameson','1990-02-07',78.5,209,'Alzheimer','userThanos195@gmail.com'),(196,'userMichael196','CKC2SDJLO','Michael','Stevenson','1982-01-06',94.5,150,'Meditteranean Anemia','userMichael196@gmail.com'),(197,'userSiri197','A5KB0YI2B','Siri','Papa','2011-10-27',82.5,206,'Vascular disease','userSiri197@gmail.com'),(198,'userThemis198','JG4OCB4W5','Themis','Papadopoulos','1988-04-17',95.5,202,'Meditteranean Anemia','userThemis198@gmail.com'),(199,'userAristotelis199','QU7P84ZI9','Aristotelis','Kay','1987-09-04',112.5,208,'Cardiomyopathies','userAristotelis199@gmail.com'),(200,'userErine200','TQ8WYOBSB','Erine','Mitsotakis','2016-06-21',76.5,202,'Heart Attacks','userErine200@gmail.com'),(201,'userVaggelis201','G2B7X63T7','Vaggelis','Ramirez','1985-12-02',75.5,152,'Heart Failure','userVaggelis201@gmail.com'),(202,'userVaggelis202','J4N7NHBXI','Vaggelis','Alvarez','2006-08-27',55.5,184,'Overwork','userVaggelis202@gmail.com'),(203,'userSiri203','E9UZ3NT76','Siri','Stevenson','2014-03-24',71.5,152,'Cardiomyopathies','userSiri203@gmail.com'),(204,'userGeorgina204','F9N6SR0NS','Georgina','Evans','2005-02-27',47.5,121,'Alzheimer','userGeorgina204@gmail.com'),(205,'userPat205','K46B8X764','Pat','Minos','1984-03-14',112.5,183,'Overwork','userPat205@gmail.com'),(206,'userShergey206','JLQD1UCOT','Shergey','Papagiannes','2006-11-19',62.5,136,'Heart rrhythmias','userShergey206@gmail.com'),(207,'userMaria207','QPNG6YWLB','Maria','Ramirez','2018-05-13',58.5,196,'Heart Failure','userMaria207@gmail.com'),(208,'userPat208','1VGBAZ94L','Pat','Papa','2004-12-07',95.5,137,'Heart rrhythmias','userPat208@gmail.com'),(209,'userVaggelis209','QOM6QO79I','Vaggelis','Zik','1999-11-13',48.5,187,'Obesity','userVaggelis209@gmail.com'),(210,'userAristotelis210','TH9NP7XBD','Aristotelis','Jameson','1983-11-29',61.5,147,'Diabetes','userAristotelis210@gmail.com'),(211,'userThanos211','JRUD7C54G','Thanos','Stevens','1987-03-21',103.5,146,'Asthma','userThanos211@gmail.com'),(212,'userAristotelis212','NC9Q7X1ZE','Aristotelis','Minos','2012-03-13',84.5,217,'Overwork','userAristotelis212@gmail.com'),(213,'userAlexa213','X6O0SMN7U','Alexa','Kay','2003-11-24',89.5,187,'Heart Failure','userAlexa213@gmail.com'),(214,'userSiri214','PWQPFUA84','Siri','McGregor','1992-11-22',117.5,184,'Cardiomyopathies','userSiri214@gmail.com'),(215,'userGeorgina215','ILF8C2JD0','Georgina','McGregor','1983-06-14',69.5,195,'Heart Attacks','userGeorgina215@gmail.com'),(216,'userAggeliki216','3FWCLD926','Aggeliki','Mitsotakis','2017-12-15',116.5,176,'Meditteranean Anemia','userAggeliki216@gmail.com'),(217,'userThemis217','FXYKUYR8S','Themis','Evanson','2016-05-01',83.5,148,'Arthritis','userThemis217@gmail.com'),(218,'userShergey218','C6XEU4ZGK','Shergey','McGregor','1988-11-30',83.5,132,'Pericarditis','userShergey218@gmail.com'),(219,'userSiri219','4BG0J2OBJ','Siri','Mitsotakis','2009-03-17',82.5,180,'Pericarditis','userSiri219@gmail.com'),(220,'userDimitris220','EMADQB90I','Dimitris','Stevens','1991-05-10',108.5,211,'Heart Attacks','userDimitris220@gmail.com'),(221,'userJohn221','T2XHBKXKM','John','Pap','2005-04-18',120.5,199,'Parkinson','userJohn221@gmail.com'),(222,'userGeorgina222','J9JO1UG8','Georgina','Brooks','2018-04-14',89.5,200,'Parkinson','userGeorgina222@gmail.com'),(223,'userThanos223','9OFEAZV4W','Thanos','Aristotelous','2012-11-26',47.5,182,'Overwork','userThanos223@gmail.com'),(224,'userDimitris224','4B6DBX3PV','Dimitris','Obama','1985-10-13',46.5,164,'Parkinson','userDimitris224@gmail.com'),(225,'userVaggelis225','6PLYUCBBM','Vaggelis','McGee','2010-03-18',120.5,139,'Heart Attacks','userVaggelis225@gmail.com'),(226,'userAggeliki226','428P8ZODI','Aggeliki','Trump','1999-07-29',101.5,133,'Meditteranean Anemia','userAggeliki226@gmail.com'),(227,'userAlexa227','BBJ1M8J61','Alexa','Papagiannes','1984-07-16',113.5,193,'Heart Stroke','userAlexa227@gmail.com'),(228,'userDimitra228','PM127XK84','Dimitra','Zik','2010-01-02',99.5,198,'Alzheimer','userDimitra228@gmail.com'),(229,'userNick229','XX2EZGPMH','Nick','Brooks','2002-08-22',111.5,120,'Obesity','userNick229@gmail.com'),(230,'userShergey230','4J85XKNIE','Shergey','James','2003-10-10',70.5,159,'Overwork','userShergey230@gmail.com'),(231,'userThanos231','OU0FL17MW','Thanos','James','1982-10-03',75.5,128,'Parkinson','userThanos231@gmail.com'),(232,'userDimitris232','FYI28GG6K','Dimitris','Papadopoulos','1995-02-23',118.5,209,'Heart Attacks','userDimitris232@gmail.com'),(233,'userDimitris233','W3M4TLDVJ','Dimitris','Papa','1986-09-04',46.5,169,'Heart rrhythmias','userDimitris233@gmail.com'),(234,'userDimitra234','WMPU67ABV','Dimitra','Mitsotakis','2008-04-25',111.5,165,'Heart Attacks','userDimitra234@gmail.com'),(235,'userMaria235','8YWGYY956','Maria','Zik','1999-08-26',80.5,195,'Heart rrhythmias','userMaria235@gmail.com'),(236,'userNick236','8EOOJJU50','Nick','Ramirez','1984-11-22',76.5,152,'Cardiomyopathies','userNick236@gmail.com'),(237,'userAlexa237','Y8QA6RY2T','Alexa','Papadopoulos','1987-03-24',73.5,149,'Heart rrhythmias','userAlexa237@gmail.com'),(238,'userJohn238','F46U4LGU','John','Zik','1982-09-17',112.5,171,'Heart rrhythmias','userJohn238@gmail.com'),(239,'userDelilah239','QA814PDIX','Delilah','Abdul','1985-07-20',47.5,168,'Meditteranean Anemia','userDelilah239@gmail.com'),(240,'userDimitris240','HZ7HO4XEO','Dimitris','Trump','2002-02-17',79.5,207,'Pericarditis','userDimitris240@gmail.com'),(241,'userMariah241','FRR6R7ZVP','Mariah','Georgiou','2010-06-16',106.5,149,'Asthma','userMariah241@gmail.com'),(242,'userDimitris242','S6VWC6XC5','Dimitris','Ramirez','1986-09-13',59.5,152,'Asthma','userDimitris242@gmail.com'),(243,'userIppokratis243','I4N7PD3K7','Ippokratis','Evans','1997-03-02',80.5,175,'Obesity','userIppokratis243@gmail.com'),(244,'userAlexa244','5UR7JU600','Alexa','Kay','1984-11-11',61.5,156,'Pericarditis','userAlexa244@gmail.com'),(245,'userThanos245','Z1M7L5ZLN','Thanos','Papagiannes','1988-07-13',112.5,121,'Vascular disease','userThanos245@gmail.com'),(246,'userSiri246','VXEJ83D8N','Siri','Evanson','2014-04-18',111.5,213,'Asthma','userSiri246@gmail.com'),(247,'userAlexa247','LJXU7SIWR','Alexa','Papa','2010-09-11',116.5,215,'Heart Stroke','userAlexa247@gmail.com'),(248,'userIppokratis248','EE4KCPTJJ','Ippokratis','Evanson','2000-06-13',72.5,151,'Diabetes','userIppokratis248@gmail.com'),(249,'userMaria249','7Z6AF03KB','Maria','Ippokratous','1998-11-05',62.5,168,'Pericarditis','userMaria249@gmail.com'),(250,'userDimitris250','3XDI4PAV4','Dimitris','Ramirez','1988-12-01',114.5,131,'Cardiomyopathies','userDimitris250@gmail.com'),(251,'userNick251','50UO9AHQS','Nick','Georgiou','1987-10-29',101.5,140,'Pericarditis','userNick251@gmail.com'),(252,'userAlexa252','EZVFJKVBA','Alexa','Curry','2016-10-14',109.5,218,'Vascular disease','userAlexa252@gmail.com'),(253,'userAlexa253','7P1LI6O4Y','Alexa','Stevens','1993-06-28',100.5,175,'Heart Attacks','userAlexa253@gmail.com'),(254,'userGeorge254','21NUBVPDJ','George','Papa','2016-04-29',118.5,173,'Meditteranean Anemia','userGeorge254@gmail.com'),(255,'userJohn255','ULT5TXE8W','John','Georgiou','2019-09-20',93.5,140,'Heart Stroke','userJohn255@gmail.com'),(256,'userIppokratis256','TNSF40WQM','Ippokratis','Kay','1991-06-19',50.5,136,'Diabetes','userIppokratis256@gmail.com'),(257,'userSiri257','DCAT9KDIB','Siri','Brooks','2005-05-19',72.5,189,'Diabetes','userSiri257@gmail.com'),(258,'userMichael258','IY1GB6B2X','Michael','Alvarez','1983-05-30',51.5,174,'Pericarditis','userMichael258@gmail.com'),(259,'userAggeliki259','2VIIF5GTM','Aggeliki','Mitsotakis','1995-11-09',56.5,208,'Heart Attacks','userAggeliki259@gmail.com'),(260,'userAristotelis260','SUJ0XTEF3','Aristotelis','Papadopoulos','2011-06-20',72.5,132,'Alzheimer','userAristotelis260@gmail.com'),(261,'userAlexa261','O6ZB3DH95','Alexa','Curry','2001-12-27',117.5,156,'Vascular disease','userAlexa261@gmail.com'),(262,'userSully262','QE5ZEVBT8','Sully','Minos','2002-04-19',72.5,163,'Asthma','userSully262@gmail.com'),(263,'userPat263','KBZ4YIDJV','Pat','Abdul','1995-11-08',69.5,195,'Vascular disease','userPat263@gmail.com'),(264,'userSully264','6961P3MEK','Sully','Georgiou','2005-03-31',70.5,171,'Arthritis','userSully264@gmail.com'),(265,'userSiri265','FAV3POROU','Siri','Papa','1986-07-10',76.5,163,'Arthritis','userSiri265@gmail.com'),(266,'userJohn266','SQKB3AE9Q','John','Evanson','2013-07-14',45.5,170,'Anemia','userJohn266@gmail.com'),(267,'userAggeliki267','A7M7N3NUE','Aggeliki','McGee','2003-01-02',78.5,211,'Overwork','userAggeliki267@gmail.com'),(268,'userPaul268','WWX2Q5HTX','Paul','Trump','1987-11-24',85.5,133,'Arthritis','userPaul268@gmail.com'),(269,'userPaul269','L3O46TRC1','Paul','Mitsotakis','2018-06-13',54.5,169,'Obesity','userPaul269@gmail.com'),(270,'userPat270','Z5GG34KDK','Pat','Aristotelous','1988-05-15',55.5,145,'Diabetes','userPat270@gmail.com'),(271,'userSully271','U73CH2GH','Sully','Georgiou','1983-09-29',88.5,220,'Vascular disease','userSully271@gmail.com'),(272,'userMariah272','O6LJFJ8ZV','Mariah','Kay','2005-01-31',53.5,158,'Heart Stroke','userMariah272@gmail.com'),(273,'userSully273','1WJNBDGVP','Sully','Trump','1997-01-13',103.5,123,'Meditteranean Anemia','userSully273@gmail.com'),(274,'userDimitra274','O9FP807IJ','Dimitra','Evans','1987-11-18',102.5,148,'Asthma','userDimitra274@gmail.com'),(275,'userMichael275','SCEAUPRXT','Michael','Stevens','2006-03-29',103.5,199,'Cardiomyopathies','userMichael275@gmail.com'),(276,'userVaggelis276','TXXLFMSEV','Vaggelis','Pap','2011-09-19',93.5,174,'Diabetes','userVaggelis276@gmail.com'),(277,'userSully277','RWI2XH5BY','Sully','Papadopoulos','1995-02-02',53.5,181,'Cardiomyopathies','userSully277@gmail.com'),(278,'userJohn278','Y80G24F9J','John','James','1997-01-23',109.5,163,'Pericarditis','userJohn278@gmail.com'),(279,'userGeorge279','8VFOXJXBH','George','Alvarez','2002-08-22',85.5,153,'Asthma','userGeorge279@gmail.com'),(280,'userThemis280','969TLYSUF','Themis','Ippokratous','2019-03-23',56.5,191,'Asthma','userThemis280@gmail.com'),(281,'userDimitra281','YLWWR4BVR','Dimitra','Papa','2002-02-05',92.5,195,'Obesity','userDimitra281@gmail.com'),(282,'userJohn282','FMF882WGK','John','Minos','1991-03-27',99.5,155,'Cardiomyopathies','userJohn282@gmail.com'),(283,'userDimitris283','DGCW07007','Dimitris','Evans','1996-03-17',117.5,211,'Arthritis','userDimitris283@gmail.com'),(284,'userThanos284','USORMBV0T','Thanos','Obama','1989-09-24',67.5,135,'Vascular disease','userThanos284@gmail.com'),(285,'userIppokratis285','V0VIKVAMR','Ippokratis','Jameson','2001-07-15',77.5,189,'Arthritis','userIppokratis285@gmail.com'),(286,'userAli286','N8ARUHDHF','Ali','McGregor','2012-05-12',93.5,179,'Asthma','userAli286@gmail.com'),(287,'userMaria287','PO37R8EPM','Maria','McGee','2002-04-19',103.5,166,'Vascular disease','userMaria287@gmail.com'),(288,'userGeorge288','FIR6MCT4Y','George','Kay','2008-04-13',47.5,143,'Asthma','userGeorge288@gmail.com'),(289,'userMaria289','1Y62M8LR5','Maria','Minos','2002-02-03',110.5,213,'Heart Failure','userMaria289@gmail.com'),(290,'userPaul290','4UAF1G3BM','Paul','Obama','2000-10-22',64.5,197,'Overwork','userPaul290@gmail.com'),(291,'userAristotelis291','QIUMNTO72','Aristotelis','Curry','1997-03-10',50.5,177,'Parkinson','userAristotelis291@gmail.com'),(292,'userJohn292','WEN7X3WGN','John','Evans','2006-10-01',47.5,131,'Obesity','userJohn292@gmail.com'),(293,'userDelilah293','PVS9G9SJL','Delilah','Mitsotakis','2002-10-23',76.5,193,'Cardiomyopathies','userDelilah293@gmail.com'),(294,'userAggeliki294','VMKXB3KBU','Aggeliki','Ippokratous','2002-09-29',56.5,158,'Obesity','userAggeliki294@gmail.com'),(295,'userIppokratis295','WGEL3E4UA','Ippokratis','Georgiou','1986-05-11',117.5,134,'Heart rrhythmias','userIppokratis295@gmail.com'),(296,'userMariah296','9361RJEOF','Mariah','Obama','2018-10-31',69.5,170,'Heart Stroke','userMariah296@gmail.com'),(297,'userVaggelis297','EMBD14YDH','Vaggelis','Georgiou','2004-09-29',70.5,169,'Heart Failure','userVaggelis297@gmail.com'),(298,'userThemis298','SBO1850MJ','Themis','Stevens','2011-03-07',81.5,191,'Heart Attacks','userThemis298@gmail.com'),(299,'userThanos299','V94FBQ5Z1','Thanos','Obama','1993-09-08',83.5,166,'Vascular disease','userThanos299@gmail.com'),(300,'userAlexa300','TGH6JY2AR','Alexa','Evanson','2012-05-10',71.5,134,'Vascular disease','userAlexa300@gmail.com'),(301,'userThemis301','344WYR8LB','Themis','Ippokratous','1991-11-12',90.5,198,'Anemia','userThemis301@gmail.com'),(302,'userSiri302','CH9ZHQP8W','Siri','Obama','2014-09-08',88.5,164,'Anemia','userSiri302@gmail.com'),(303,'userThemis303','6LBPC6YSM','Themis','Zik','2003-02-15',80.5,121,'Heart Attacks','userThemis303@gmail.com'),(304,'userNick304','6NZQBQ7IO','Nick','Papadopoulos','2000-11-12',62.5,183,'Pericarditis','userNick304@gmail.com'),(305,'userSully305','FGN6NQ3XW','Sully','Ippokratous','1993-03-31',62.5,124,'Parkinson','userSully305@gmail.com'),(306,'userMichael306','J8SS8D75W','Michael','Curry','2000-10-14',60.5,174,'Asthma','userMichael306@gmail.com'),(307,'userVaggelis307','WT0HV1XO5','Vaggelis','McGee','1985-03-11',74.5,141,'Vascular disease','userVaggelis307@gmail.com'),(308,'userDelilah308','VRO46M6W','Delilah','Jameson','2009-10-19',52.5,190,'Heart Failure','userDelilah308@gmail.com'),(309,'userErine309','JN37EY9D3','Erine','Ramirez','2015-02-16',89.5,175,'Anemia','userErine309@gmail.com'),(310,'userPaul310','V91XN6HCH','Paul','Papadopoulos','1994-02-02',105.5,216,'Heart Stroke','userPaul310@gmail.com'),(311,'userShergey311','FZ6RYF1J5','Shergey','Papa','1994-06-04',62.5,133,'Arthritis','userShergey311@gmail.com'),(312,'userMichael312','L6O5SAXVI','Michael','Papagiannes','1986-07-16',55.5,127,'Parkinson','userMichael312@gmail.com'),(313,'userAristotelis313','TXTXTJZHJ','Aristotelis','James','2004-10-31',114.5,162,'Cardiomyopathies','userAristotelis313@gmail.com'),(314,'userSiri314','SMVQ4WPG8','Siri','Papadopoulos','2011-12-01',72.5,140,'Heart Stroke','userSiri314@gmail.com'),(315,'userErine315','5YG0UEZY8','Erine','Trump','1999-07-11',73.5,149,'Arthritis','userErine315@gmail.com'),(316,'userMaria316','3E6QGHCDC','Maria','Mitsotakis','2016-07-16',89.5,186,'Parkinson','userMaria316@gmail.com'),(317,'userPaul317','W06TIJ5UR','Paul','Stevens','2005-11-19',91.5,217,'Asthma','userPaul317@gmail.com'),(318,'userDimitra318','D7RWL9C9Z','Dimitra','Pap','1986-04-16',114.5,212,'Vascular disease','userDimitra318@gmail.com'),(319,'userThemis319','EAYVUU52N','Themis','Ippokratous','2001-03-15',105.5,169,'Anemia','userThemis319@gmail.com'),(320,'userMaria320','Z4QC1XTCA','Maria','Mitsotakis','2012-07-12',98.5,217,'Overwork','userMaria320@gmail.com'),(321,'userAlexa321','FYI1FSFVV','Alexa','McGregor','2008-05-10',100.5,196,'Heart rrhythmias','userAlexa321@gmail.com'),(322,'userVaggelis322','DJI3O8RSX','Vaggelis','Trump','2014-04-09',74.5,167,'Vascular disease','userVaggelis322@gmail.com'),(323,'userMaria323','IXMJBRFLR','Maria','Ippokratous','2007-04-05',117.5,199,'Asthma','userMaria323@gmail.com'),(324,'userDelilah324','TFX6BHJME','Delilah','Mitsotakis','1987-05-04',119.5,152,'Parkinson','userDelilah324@gmail.com'),(325,'userMichael325','6EDO2LAXE','Michael','Stevens','2016-05-29',96.5,133,'Parkinson','userMichael325@gmail.com'),(326,'userPat326','ASB3T5YOK','Pat','Pap','2017-07-10',91.5,207,'Obesity','userPat326@gmail.com'),(327,'userIppokratis327','1ZZW144PN','Ippokratis','Papagiannes','1992-07-11',85.5,174,'Asthma','userIppokratis327@gmail.com'),(328,'userIppokratis328','I62C4PQYN','Ippokratis','Ramirez','1989-09-20',113.5,135,'Pericarditis','userIppokratis328@gmail.com'),(329,'userSully329','U0YKCCND2','Sully','Trump','1996-06-20',57.5,215,'Diabetes','userSully329@gmail.com'),(330,'userAli330','QVDEPJEXD','Ali','Abdul','2009-10-09',111.5,177,'Heart Attacks','userAli330@gmail.com'),(331,'userShergey331','7FADQNRSZ','Shergey','Brooks','1994-10-26',59.5,121,'Meditteranean Anemia','userShergey331@gmail.com'),(332,'userAristotelis332','3BJFXTW98','Aristotelis','Stevenson','1992-04-27',89.5,197,'Parkinson','userAristotelis332@gmail.com'),(333,'userPaul333','8H8M0E26V','Paul','Brooks','2013-12-05',56.5,147,'Vascular disease','userPaul333@gmail.com'),(334,'userDelilah334','9O29X1F4R','Delilah','Papadopoulos','2001-07-29',50.5,211,'Obesity','userDelilah334@gmail.com'),(335,'userAli335','42WUND3LQ','Ali','Georgiou','2018-08-17',112.5,151,'Anemia','userAli335@gmail.com'),(336,'userShergey336','UF4F9SJRB','Shergey','James','2010-05-05',64.5,170,'Heart Attacks','userShergey336@gmail.com'),(337,'userIppokratis337','33O5V5QJ1','Ippokratis','Aristotelous','2006-12-10',86.5,192,'Anemia','userIppokratis337@gmail.com'),(338,'userThanos338','S56RHLS4L','Thanos','Trump','2004-08-09',68.5,153,'Cardiomyopathies','userThanos338@gmail.com'),(339,'userAggeliki339','TX2O29LKG','Aggeliki','Stevenson','2012-09-13',102.5,139,'Heart rrhythmias','userAggeliki339@gmail.com'),(340,'userDimitra340','MG13LXFKU','Dimitra','Georgiou','2015-05-17',96.5,121,'Asthma','userDimitra340@gmail.com'),(341,'userDimitra341','NL9BATWA8','Dimitra','Minos','1989-10-07',119.5,173,'Heart Attacks','userDimitra341@gmail.com'),(342,'userSiri342','6SKUX7C98','Siri','Mitsotakis','1995-12-25',104.5,123,'Obesity','userSiri342@gmail.com'),(343,'userErine343','7GM0UZUCE','Erine','Minos','1989-08-26',88.5,170,'Overwork','userErine343@gmail.com'),(344,'userThanos344','PL70N2UOD','Thanos','Pap','1983-01-23',61.5,141,'Alzheimer','userThanos344@gmail.com'),(345,'userGeorgina345','ESDOH2LF5','Georgina','Obama','2000-11-28',117.5,150,'Arthritis','userGeorgina345@gmail.com'),(346,'userIppokratis346','5UNU2S02S','Ippokratis','Kay','1991-08-05',118.5,180,'Anemia','userIppokratis346@gmail.com'),(347,'userVaggelis347','CJBF3CF4X','Vaggelis','Abdul','1990-02-04',71.5,162,'Asthma','userVaggelis347@gmail.com'),(348,'userDimitris348','1TOUZ6WNB','Dimitris','Curry','2017-04-19',84.5,157,'Heart Stroke','userDimitris348@gmail.com'),(349,'userThemis349','Y0QPYJD5M','Themis','James','1982-01-18',80.5,158,'Heart rrhythmias','userThemis349@gmail.com'),(350,'userShergey350','1UXWRIFE8','Shergey','Kay','2017-10-17',68.5,158,'Meditteranean Anemia','userShergey350@gmail.com'),(351,'userSiri351','E3D7QCOFC','Siri','Jameson','2009-07-07',73.5,128,'Vascular disease','userSiri351@gmail.com'),(352,'userMariah352','EDJHXETOS','Mariah','Stevens','2012-01-01',109.5,179,'Heart rrhythmias','userMariah352@gmail.com'),(353,'userJohn353','UQZ841DQ6','John','Alvarez','2014-09-03',80.5,215,'Pericarditis','userJohn353@gmail.com'),(354,'userPat354','JX5PRY5UM','Pat','Trump','2003-08-10',58.5,182,'Meditteranean Anemia','userPat354@gmail.com'),(355,'userPat355','U84S5ZJZG','Pat','Pap','2006-08-31',90.5,216,'Alzheimer','userPat355@gmail.com'),(356,'userAristotelis356','KRD68YEE2','Aristotelis','Minos','2004-12-08',103.5,188,'Alzheimer','userAristotelis356@gmail.com'),(357,'userGeorge357','OTXDS5UPV','George','Papadopoulos','1988-08-26',80.5,211,'Cardiomyopathies','userGeorge357@gmail.com'),(358,'userMaria358','R372L1578','Maria','Papagiannes','2012-02-03',115.5,121,'Diabetes','userMaria358@gmail.com'),(359,'userIppokratis359','5AAGEEYGU','Ippokratis','Mitsotakis','2014-05-08',115.5,138,'Parkinson','userIppokratis359@gmail.com'),(360,'userJohn360','34KW6QGY','John','Evanson','2014-11-12',72.5,160,'Overwork','userJohn360@gmail.com'),(361,'userThemis361','QP4Y0P61','Themis','Evanson','1988-02-07',88.5,159,'Parkinson','userThemis361@gmail.com'),(362,'userGeorgina362','RGC0H3AFC','Georgina','Minos','1990-02-05',50.5,122,'Heart Attacks','userGeorgina362@gmail.com'),(363,'userAristotelis363','OCEJFJWTH','Aristotelis','Obama','1986-01-01',105.5,151,'Heart Stroke','userAristotelis363@gmail.com'),(364,'userSiri364','EHT2AB2H0','Siri','McGee','2009-01-19',81.5,172,'Parkinson','userSiri364@gmail.com'),(365,'userDelilah365','AB8KL1HC9','Delilah','Pap','2002-05-10',98.5,132,'Vascular disease','userDelilah365@gmail.com'),(366,'userPat366','OCEG9ZSUT','Pat','Evanson','2010-01-31',98.5,194,'Meditteranean Anemia','userPat366@gmail.com'),(367,'userAli367','NK49SZGWJ','Ali','Trump','2008-04-03',107.5,142,'Parkinson','userAli367@gmail.com'),(368,'userGeorge368','3SOD991IF','George','McGregor','2001-12-03',88.5,167,'Heart Attacks','userGeorge368@gmail.com'),(369,'userVaggelis369','P8JX1O64L','Vaggelis','Pap','2000-03-16',101.5,136,'Heart Failure','userVaggelis369@gmail.com'),(370,'userPaul370','6T54XZDP2','Paul','Brooks','2006-09-08',51.5,159,'Arthritis','userPaul370@gmail.com'),(371,'userErine371','7RTYO59TF','Erine','Brooks','2004-09-21',91.5,204,'Heart Failure','userErine371@gmail.com'),(372,'userMaria372','J17DA8S77','Maria','Papadopoulos','2016-10-31',105.5,191,'Arthritis','userMaria372@gmail.com'),(373,'userSiri373','SNNGYSE4M','Siri','Stevens','1990-05-31',118.5,173,'Alzheimer','userSiri373@gmail.com'),(374,'userSiri374','3RRVL0OCI','Siri','Abdul','1982-02-27',96.5,162,'Asthma','userSiri374@gmail.com'),(375,'userDimitris375','4Y2IWADBJ','Dimitris','Abdul','1989-04-08',55.5,148,'Asthma','userDimitris375@gmail.com'),(376,'userShergey376','D6PUSFJJI','Shergey','Ippokratous','2008-02-12',46.5,137,'Pericarditis','userShergey376@gmail.com'),(377,'userVaggelis377','3G15WLR86','Vaggelis','Curry','1986-10-12',114.5,216,'Asthma','userVaggelis377@gmail.com'),(378,'userIppokratis378','MEA8W514Y','Ippokratis','Zik','1997-08-04',92.5,160,'Vascular disease','userIppokratis378@gmail.com'),(379,'userMichael379','23YFFL9A2','Michael','Alvarez','2012-10-05',63.5,188,'Obesity','userMichael379@gmail.com'),(380,'userGeorgina380','IK4W8OUC1','Georgina','Evanson','1997-06-11',97.5,187,'Cardiomyopathies','userGeorgina380@gmail.com'),(381,'userSiri381','U4N5WOT9E','Siri','Stevenson','2000-04-01',113.5,215,'Asthma','userSiri381@gmail.com'),(382,'userMaria382','BJT9CJVRJ','Maria','Kay','1998-03-11',66.5,191,'Parkinson','userMaria382@gmail.com'),(383,'userGeorge383','GU98JDMBQ','George','McGregor','1999-09-23',67.5,208,'Vascular disease','userGeorge383@gmail.com'),(384,'userGeorgina384','MSPAKDNRG','Georgina','Aristotelous','1992-10-02',113.5,159,'Diabetes','userGeorgina384@gmail.com'),(385,'userAli385','RK5O6JVDP','Ali','Evans','1983-07-20',87.5,216,'Asthma','userAli385@gmail.com'),(386,'userDelilah386','MHXKUN9NG','Delilah','McGee','1988-08-16',91.5,178,'Arthritis','userDelilah386@gmail.com'),(387,'userThemis387','7ZFQ3WG54','Themis','Papa','2004-08-14',94.5,127,'Overwork','userThemis387@gmail.com'),(388,'userAlexa388','HX4FUCUK6','Alexa','Papagiannes','2019-12-11',114.5,180,'Parkinson','userAlexa388@gmail.com'),(389,'userMaria389','8E64SQ11G','Maria','Obama','1982-03-07',72.5,205,'Heart Failure','userMaria389@gmail.com'),(390,'userDimitris390','WEZI8DKJ3','Dimitris','Papagiannes','1988-11-20',74.5,171,'Meditteranean Anemia','userDimitris390@gmail.com'),(391,'userNick391','L2XL7ODVC','Nick','Evans','2000-10-26',80.5,205,'Heart rrhythmias','userNick391@gmail.com'),(392,'userGeorgina392','5GHNYC3OI','Georgina','Abdul','1991-04-12',89.5,187,'Heart Attacks','userGeorgina392@gmail.com'),(393,'userNick393','B7406J87G','Nick','Jameson','1984-01-25',55.5,209,'Arthritis','userNick393@gmail.com'),(394,'userAli394','LVP2DX6WZ','Ali','Stevens','2002-09-24',101.5,160,'Cardiomyopathies','userAli394@gmail.com'),(395,'userVaggelis395','UK75UHY3L','Vaggelis','McGee','2018-03-29',59.5,201,'Cardiomyopathies','userVaggelis395@gmail.com'),(396,'userDimitra396','JFWHYRFWU','Dimitra','Alvarez','2000-03-28',53.5,124,'Pericarditis','userDimitra396@gmail.com'),(397,'userAristotelis397','QD5823CVH','Aristotelis','Papagiannes','2016-03-28',78.5,210,'Overwork','userAristotelis397@gmail.com'),(398,'userAlexa398','F0K62PFPN','Alexa','Ippokratous','2003-11-02',53.5,150,'Anemia','userAlexa398@gmail.com'),(399,'userDelilah399','KUNK8M4U8','Delilah','Pap','1983-06-22',90.5,134,'Heart Failure','userDelilah399@gmail.com'),(400,'userDimitra400','AAU5HTUK6','Dimitra','Ippokratous','2007-12-15',99.5,182,'Obesity','userDimitra400@gmail.com'),(401,'userGeorge401','6L7GYA4DT','George','Obama','2012-01-09',75.5,159,'Parkinson','userGeorge401@gmail.com'),(402,'userAristotelis402','C3O8NPNYW','Aristotelis','McGregor','2018-02-24',101.5,180,'Arthritis','userAristotelis402@gmail.com'),(403,'userThemis403','TCZJ30CQ2','Themis','Obama','1989-10-31',106.5,192,'Heart Stroke','userThemis403@gmail.com'),(404,'userThanos404','FGQ2W7E32','Thanos','Trump','1995-10-02',103.5,218,'Parkinson','userThanos404@gmail.com'),(405,'userIppokratis405','GDQY1UDY9','Ippokratis','Evanson','1992-05-07',60.5,205,'Parkinson','userIppokratis405@gmail.com'),(406,'userAristotelis406','HP3WI23CW','Aristotelis','Alvarez','2009-06-03',116.5,205,'Heart Stroke','userAristotelis406@gmail.com'),(407,'userMariah407','VKK3S0N5B','Mariah','Minos','2009-09-13',52.5,188,'Heart Stroke','userMariah407@gmail.com'),(408,'userGeorge408','D723TAFOZ','George','James','1988-11-15',82.5,126,'Parkinson','userGeorge408@gmail.com'),(409,'userGeorge409','WPS89V3MU','George','Kay','2003-11-26',83.5,150,'Overwork','userGeorge409@gmail.com'),(410,'userSully410','O8CP2KBUI','Sully','Brooks','1983-02-07',100.5,200,'Heart Failure','userSully410@gmail.com'),(411,'userJohn411','G8KDHI4V2','John','Papadopoulos','1983-06-26',103.5,219,'Obesity','userJohn411@gmail.com'),(412,'userAli412','CJP8RZLAL','Ali','Papadopoulos','1992-03-06',79.5,131,'Vascular disease','userAli412@gmail.com'),(413,'userThanos413','UQYHSB87','Thanos','Brooks','1995-03-25',80.5,157,'Overwork','userThanos413@gmail.com'),(414,'userNick414','6W3RFSDP6','Nick','Brooks','2018-03-24',87.5,187,'Heart Attacks','userNick414@gmail.com'),(415,'userJohn415','MMH3QER8X','John','Ramirez','1987-03-21',62.5,178,'Overwork','userJohn415@gmail.com'),(416,'userErine416','HUIPX9TZY','Erine','Jameson','2012-06-16',65.5,194,'Heart rrhythmias','userErine416@gmail.com'),(417,'userAli417','Q3437VL7Z','Ali','Mitsotakis','1999-03-24',102.5,133,'Overwork','userAli417@gmail.com'),(418,'userSiri418','651IY34SW','Siri','Evanson','2015-08-23',88.5,171,'Overwork','userSiri418@gmail.com'),(419,'userPat419','BY3MU968W','Pat','Georgiou','1992-12-28',108.5,129,'Parkinson','userPat419@gmail.com'),(420,'userPat420','KDSV2U512','Pat','Stevenson','1985-01-29',72.5,130,'Diabetes','userPat420@gmail.com'),(421,'userDimitra421','J4IMFQKO4','Dimitra','Evanson','2005-10-20',86.5,183,'Diabetes','userDimitra421@gmail.com'),(422,'userPaul422','S9TF5R5PY','Paul','Abdul','2012-02-07',102.5,137,'Heart Attacks','userPaul422@gmail.com'),(423,'userDimitra423','9AE6YMSK1','Dimitra','Zik','2014-10-04',49.5,211,'Obesity','userDimitra423@gmail.com'),(424,'userPat424','PMHEPJLWJ','Pat','McGregor','1999-08-20',94.5,188,'Cardiomyopathies','userPat424@gmail.com'),(425,'userSully425','W6TSJQWH','Sully','Ramirez','2014-02-09',95.5,203,'Pericarditis','userSully425@gmail.com'),(426,'userPat426','XCIG2J21M','Pat','Minos','2007-12-28',88.5,216,'Pericarditis','userPat426@gmail.com'),(427,'userGeorgina427','P0Z6UBV3U','Georgina','Papa','1987-03-20',72.5,146,'Diabetes','userGeorgina427@gmail.com'),(428,'userNick428','Z2W7XB391','Nick','McGregor','1990-01-14',98.5,140,'Meditteranean Anemia','userNick428@gmail.com'),(429,'userPaul429','CWA45IX3R','Paul','Ramirez','1990-05-26',109.5,210,'Pericarditis','userPaul429@gmail.com'),(430,'userAggeliki430','EJQUK99D2','Aggeliki','Ippokratous','1987-01-25',64.5,191,'Heart Failure','userAggeliki430@gmail.com'),(431,'userDimitra431','BPRWLE6G','Dimitra','Mitsotakis','1982-09-08',107.5,138,'Parkinson','userDimitra431@gmail.com'),(432,'userAristotelis432','JWP8NNP2P','Aristotelis','Evans','1999-01-19',60.5,162,'Obesity','userAristotelis432@gmail.com'),(433,'userDimitra433','H8BTEAUAL','Dimitra','Stevens','2006-11-17',104.5,208,'Asthma','userDimitra433@gmail.com'),(434,'userDimitris434','FZH7UIUH3','Dimitris','McGregor','2000-03-28',92.5,180,'Heart Attacks','userDimitris434@gmail.com'),(435,'userGeorge435','UHYIW6XJX','George','Papa','1991-12-23',60.5,201,'Heart rrhythmias','userGeorge435@gmail.com'),(436,'userNick436','XUQT3T585','Nick','James','1997-12-23',82.5,196,'Alzheimer','userNick436@gmail.com'),(437,'userThanos437','7TD8BEORZ','Thanos','Stevens','2002-08-19',50.5,122,'Heart rrhythmias','userThanos437@gmail.com'),(438,'userAlexa438','IQLD0QICH','Alexa','Evans','2016-03-20',95.5,122,'Vascular disease','userAlexa438@gmail.com'),(439,'userJohn439','36BVM92UX','John','Evans','1987-01-18',94.5,187,'Heart Failure','userJohn439@gmail.com'),(440,'userDimitris440','K8D0VODW6','Dimitris','Georgiou','2006-04-30',114.5,171,'Diabetes','userDimitris440@gmail.com'),(441,'userMaria441','NNYF3W1G','Maria','James','2007-11-17',68.5,180,'Asthma','userMaria441@gmail.com'),(442,'userPat442','VENZJAQ3D','Pat','Evans','2013-11-07',120.5,171,'Anemia','userPat442@gmail.com'),(443,'userMaria443','E6O66T7YK','Maria','Jameson','2018-05-04',79.5,132,'Pericarditis','userMaria443@gmail.com'),(444,'userPaul444','6FWNHSAIF','Paul','Brooks','1988-12-03',60.5,178,'Cardiomyopathies','userPaul444@gmail.com'),(445,'userAggeliki445','SHFWZYARA','Aggeliki','Papagiannes','2000-07-08',56.5,142,'Alzheimer','userAggeliki445@gmail.com'),(446,'userVaggelis446','CSHLZOF9D','Vaggelis','Evanson','2010-10-21',117.5,128,'Arthritis','userVaggelis446@gmail.com'),(447,'userAlexa447','U70GWTHQN','Alexa','Brooks','2003-05-26',94.5,213,'Parkinson','userAlexa447@gmail.com'),(448,'userMichael448','69VUS9QZ','Michael','Stevens','1997-04-20',73.5,128,'Parkinson','userMichael448@gmail.com'),(449,'userIppokratis449','KLF1KTN3Q','Ippokratis','Ramirez','1988-08-31',119.5,168,'Meditteranean Anemia','userIppokratis449@gmail.com'),(450,'userGeorge450','A6M6BGKWK','George','Mitsotakis','1984-02-03',118.5,125,'Heart Stroke','userGeorge450@gmail.com'),(451,'userShergey451','AO0386CGS','Shergey','Stevenson','2012-06-11',68.5,215,'Parkinson','userShergey451@gmail.com'),(452,'userVaggelis452','PLT4HA9LW','Vaggelis','Ippokratous','2002-09-23',70.5,150,'Anemia','userVaggelis452@gmail.com'),(453,'userThanos453','C1YGS04LE','Thanos','Alvarez','1999-05-06',108.5,175,'Arthritis','userThanos453@gmail.com'),(454,'userVaggelis454','S7QHRNZG2','Vaggelis','Georgiou','1989-06-09',92.5,192,'Pericarditis','userVaggelis454@gmail.com'),(455,'userAristotelis455','1BCWVNMVB','Aristotelis','Zik','2008-06-05',105.5,128,'Heart Attacks','userAristotelis455@gmail.com'),(456,'userErine456','IILYMLBXD','Erine','Evanson','2000-04-19',104.5,159,'Meditteranean Anemia','userErine456@gmail.com'),(457,'userVaggelis457','CXTNF49SZ','Vaggelis','Stevenson','2011-07-18',75.5,152,'Vascular disease','userVaggelis457@gmail.com'),(458,'userPat458','6589DQQTY','Pat','Curry','2003-12-09',72.5,179,'Heart Attacks','userPat458@gmail.com'),(459,'userDimitris459','XMWGVSBD6','Dimitris','Kay','2014-07-04',67.5,127,'Heart Failure','userDimitris459@gmail.com'),(460,'userMaria460','8YX6WDEFM','Maria','James','2014-12-04',55.5,150,'Alzheimer','userMaria460@gmail.com'),(461,'userDimitra461','MKWL3RUQG','Dimitra','Kay','2013-12-24',118.5,155,'Heart Attacks','userDimitra461@gmail.com'),(462,'userErine462','MX3C2KU36','Erine','Jameson','2018-08-27',78.5,133,'Heart rrhythmias','userErine462@gmail.com'),(463,'userDimitris463','W1YE6INN7','Dimitris','Evanson','2004-11-17',101.5,173,'Anemia','userDimitris463@gmail.com'),(464,'userDelilah464','E569AVUHI','Delilah','Brooks','1995-11-22',56.5,205,'Cardiomyopathies','userDelilah464@gmail.com'),(465,'userAlexa465','3UBAF5HZU','Alexa','Papadopoulos','2014-12-18',55.5,147,'Obesity','userAlexa465@gmail.com'),(466,'userAggeliki466','ASZCJ1316','Aggeliki','Papadopoulos','2017-03-20',115.5,161,'Heart Attacks','userAggeliki466@gmail.com'),(467,'userMaria467','RKLJ8DJB4','Maria','Abdul','1996-11-28',89.5,130,'Heart Stroke','userMaria467@gmail.com'),(468,'userMaria468','HJTH1D9CI','Maria','Obama','1988-01-26',110.5,202,'Overwork','userMaria468@gmail.com'),(469,'userAli469','T37F77SHW','Ali','Papadopoulos','2013-12-05',91.5,181,'Diabetes','userAli469@gmail.com'),(470,'userErine470','KOWDNJUPH','Erine','McGregor','1994-01-28',82.5,165,'Vascular disease','userErine470@gmail.com'),(471,'userSiri471','4GHVJ71J6','Siri','Pap','2002-10-19',75.5,184,'Alzheimer','userSiri471@gmail.com'),(472,'userMariah472','YRB8V9CZF','Mariah','Papagiannes','1984-08-14',80.5,180,'Diabetes','userMariah472@gmail.com'),(473,'userShergey473','Q2D1W04E1','Shergey','Aristotelous','2001-01-06',111.5,212,'Heart rrhythmias','userShergey473@gmail.com'),(474,'userPat474','G6H7WPFQ5','Pat','Mitsotakis','2010-02-23',69.5,205,'Heart Stroke','userPat474@gmail.com'),(475,'userPat475','X5A2P24H0','Pat','Papa','1995-09-19',119.5,124,'Alzheimer','userPat475@gmail.com'),(476,'userSully476','2NVDN1PKQ','Sully','Papadopoulos','1999-08-11',58.5,147,'Meditteranean Anemia','userSully476@gmail.com'),(477,'userDelilah477','55I47H4ZI','Delilah','James','1985-04-07',52.5,200,'Heart Attacks','userDelilah477@gmail.com'),(478,'userIppokratis478','3ECAOKJ7C','Ippokratis','James','2011-03-27',117.5,126,'Vascular disease','userIppokratis478@gmail.com'),(479,'userAggeliki479','D9M1T3CBA','Aggeliki','Jameson','1993-04-11',79.5,138,'Diabetes','userAggeliki479@gmail.com'),(480,'userGeorge480','VRCLIPD7S','George','Ippokratous','1988-11-11',111.5,216,'Heart Failure','userGeorge480@gmail.com'),(481,'userPaul481','JDMT0DH9M','Paul','Minos','2014-11-02',80.5,214,'Heart rrhythmias','userPaul481@gmail.com'),(482,'userIppokratis482','NACHF45CS','Ippokratis','Jameson','2002-04-17',54.5,145,'Cardiomyopathies','userIppokratis482@gmail.com'),(483,'userIppokratis483','E22HAQULR','Ippokratis','Stevens','2017-07-22',109.5,122,'Parkinson','userIppokratis483@gmail.com'),(484,'userIppokratis484','OZRDVM8C4','Ippokratis','Ippokratous','2003-04-11',103.5,177,'Alzheimer','userIppokratis484@gmail.com'),(485,'userErine485','G1GQAFJOW','Erine','Evanson','2017-10-04',80.5,134,'Obesity','userErine485@gmail.com'),(486,'userSully486','207LJ21GK','Sully','Obama','1999-10-16',49.5,191,'Alzheimer','userSully486@gmail.com'),(487,'userGeorgina487','ELX022168','Georgina','James','1992-06-22',103.5,191,'Pericarditis','userGeorgina487@gmail.com'),(488,'userPaul488','3A5MZEIF9','Paul','Brooks','1999-03-18',78.5,177,'Heart Attacks','userPaul488@gmail.com'),(489,'userErine489','N510ISY2K','Erine','Obama','1988-03-12',83.5,123,'Parkinson','userErine489@gmail.com'),(490,'userThemis490','7JXM1LJI7','Themis','Minos','1998-07-17',87.5,131,'Obesity','userThemis490@gmail.com'),(491,'userGeorgina491','ZA79M5440','Georgina','Evanson','2008-02-07',78.5,150,'Diabetes','userGeorgina491@gmail.com'),(492,'userDelilah492','5WESKAZ07','Delilah','Papa','2019-12-13',90.5,121,'Meditteranean Anemia','userDelilah492@gmail.com'),(493,'userMaria493','CY78R4BXU','Maria','Aristotelous','1992-03-03',97.5,150,'Meditteranean Anemia','userMaria493@gmail.com'),(494,'userGeorgina494','GJS6OP3FO','Georgina','Aristotelous','2007-11-22',106.5,132,'Anemia','userGeorgina494@gmail.com'),(495,'userThemis495','5JWZKNJJQ','Themis','James','1999-07-13',56.5,134,'Alzheimer','userThemis495@gmail.com'),(496,'userPat496','Y38A293TZ','Pat','Papagiannes','2000-12-09',102.5,150,'Parkinson','userPat496@gmail.com'),(497,'userErine497','M7LMGRUJK','Erine','Ippokratous','1987-10-16',65.5,206,'Heart Failure','userErine497@gmail.com'),(498,'userAristotelis498','Q8APEBSYP','Aristotelis','McGee','2012-09-16',49.5,196,'Heart Failure','userAristotelis498@gmail.com'),(499,'userNick499','WXTD3O43Y','Nick','Stevens','1983-05-20',113.5,183,'Overwork','userNick499@gmail.com'),(500,'userGeorge500','TWLS97VCB','George','Papadopoulos','1983-09-21',85.5,206,'Cardiomyopathies','userGeorge500@gmail.com'),(501,'userSully501','YZ96JCEWM','Sully','Alvarez','1990-02-05',60.5,186,'Cardiomyopathies','userSully501@gmail.com'),(502,'userPat502','SWU3RIMJX','Pat','Curry','1995-10-10',69.5,191,'Cardiomyopathies','userPat502@gmail.com'),(503,'userThanos503','NGRAG39PP','Thanos','Ippokratous','2012-10-20',105.5,162,'Parkinson','userThanos503@gmail.com'),(504,'userMaria504','XOMMSIRJV','Maria','Ramirez','2006-10-09',97.5,165,'Meditteranean Anemia','userMaria504@gmail.com'),(505,'userVaggelis505','71MFC5R9F','Vaggelis','Alvarez','2017-12-08',118.5,190,'Heart Attacks','userVaggelis505@gmail.com'),(506,'userGeorgina506','LD9WYMDPB','Georgina','Minos','1999-09-16',59.5,156,'Meditteranean Anemia','userGeorgina506@gmail.com'),(507,'userVaggelis507','L34KU70C4','Vaggelis','Obama','2018-04-15',66.5,148,'Overwork','userVaggelis507@gmail.com'),(508,'userAggeliki508','43B6Q89DT','Aggeliki','Pap','2018-05-29',51.5,150,'Pericarditis','userAggeliki508@gmail.com'),(509,'userMariah509','NXK8PYK3S','Mariah','Minos','1988-07-06',107.5,185,'Overwork','userMariah509@gmail.com'),(510,'userGeorgina510','NRDHDCVVD','Georgina','Curry','1990-12-27',91.5,200,'Heart rrhythmias','userGeorgina510@gmail.com'),(511,'userPaul511','O74LT4GCZ','Paul','Stevens','2016-10-23',53.5,153,'Pericarditis','userPaul511@gmail.com'),(512,'userPat512','EB99HLLH3','Pat','Stevenson','2003-10-20',102.5,171,'Asthma','userPat512@gmail.com'),(513,'userSully513','2X1MLAKTQ','Sully','Kay','2000-03-25',54.5,129,'Heart Failure','userSully513@gmail.com'),(514,'userAristotelis514','A9UJ5FAUX','Aristotelis','Zik','1983-07-30',114.5,193,'Heart Failure','userAristotelis514@gmail.com'),(515,'userAlexa515','LLBL5CYZB','Alexa','Zik','2014-11-07',91.5,184,'Cardiomyopathies','userAlexa515@gmail.com'),(516,'userDimitra516','9K04HLISD','Dimitra','Alvarez','2005-10-29',96.5,146,'Vascular disease','userDimitra516@gmail.com'),(517,'userDimitra517','FF8RXT5SV','Dimitra','Abdul','2013-03-14',93.5,183,'Overwork','userDimitra517@gmail.com'),(518,'userAli518','9JHLPX9RD','Ali','Curry','2013-06-30',116.5,143,'Diabetes','userAli518@gmail.com'),(519,'userDimitris519','CN3RYS58Q','Dimitris','Brooks','2010-11-17',111.5,186,'Alzheimer','userDimitris519@gmail.com'),(520,'userMaria520','JT7QT1XF4','Maria','James','1988-07-25',90.5,175,'Alzheimer','userMaria520@gmail.com'),(521,'userIppokratis521','40A4FAW3V','Ippokratis','Stevenson','2009-02-01',94.5,158,'Cardiomyopathies','userIppokratis521@gmail.com'),(522,'userGeorgina522','3GATC6QQY','Georgina','Abdul','2010-10-10',72.5,126,'Overwork','userGeorgina522@gmail.com'),(523,'userDimitris523','MZU3CC8UR','Dimitris','Trump','2002-01-25',101.5,149,'Parkinson','userDimitris523@gmail.com'),(524,'userThanos524','9N3S6BBF3','Thanos','Curry','1999-10-17',108.5,181,'Alzheimer','userThanos524@gmail.com'),(525,'userErine525','8DFT02P04','Erine','James','2003-12-11',113.5,148,'Heart rrhythmias','userErine525@gmail.com'),(526,'userPaul526','68QP0I0LG','Paul','Obama','1997-05-01',61.5,149,'Heart Attacks','userPaul526@gmail.com'),(527,'userPat527','U9XKJXOWY','Pat','Ramirez','1990-05-10',109.5,215,'Anemia','userPat527@gmail.com'),(528,'userSiri528','GKB57RX8W','Siri','Papadopoulos','2001-12-27',104.5,171,'Overwork','userSiri528@gmail.com'),(529,'userThanos529','18UIY8HSF','Thanos','Brooks','2008-05-12',55.5,196,'Arthritis','userThanos529@gmail.com'),(530,'userGeorgina530','5PWLSKCZT','Georgina','Stevenson','1993-04-12',63.5,133,'Arthritis','userGeorgina530@gmail.com'),(531,'userSiri531','MYV7E3OK3','Siri','Papa','2003-04-30',81.5,133,'Diabetes','userSiri531@gmail.com'),(532,'userPat532','CTEH1HBWF','Pat','Pap','1988-04-02',89.5,162,'Arthritis','userPat532@gmail.com'),(533,'userGeorgina533','8A8RZSCPW','Georgina','McGee','1995-10-14',84.5,188,'Cardiomyopathies','userGeorgina533@gmail.com'),(534,'userMaria534','OHKOSO6N3','Maria','Alvarez','2015-10-19',100.5,150,'Vascular disease','userMaria534@gmail.com'),(535,'userGeorge535','VBQ1N272I','George','Abdul','2003-07-25',63.5,210,'Heart Stroke','userGeorge535@gmail.com'),(536,'userThemis536','4NPW51WPH','Themis','Stevens','1993-02-19',107.5,220,'Heart rrhythmias','userThemis536@gmail.com'),(537,'userAlexa537','LG2QEQ9AF','Alexa','Abdul','1996-10-22',78.5,161,'Pericarditis','userAlexa537@gmail.com'),(538,'userGeorgina538','836C7X5LF','Georgina','Obama','1997-04-05',76.5,148,'Alzheimer','userGeorgina538@gmail.com'),(539,'userAlexa539','MSHUN9SI1','Alexa','Georgiou','1984-03-10',104.5,133,'Parkinson','userAlexa539@gmail.com'),(540,'userDimitris540','W9Y9X6FZV','Dimitris','Evanson','2018-06-08',74.5,205,'Anemia','userDimitris540@gmail.com'),(541,'userVaggelis541','FQBCIDXCC','Vaggelis','Georgiou','1982-01-02',47.5,141,'Anemia','userVaggelis541@gmail.com'),(542,'userAggeliki542','LETJ6ICJ8','Aggeliki','Pap','2007-10-20',94.5,149,'Arthritis','userAggeliki542@gmail.com'),(543,'userMaria543','MK7NY3UZB','Maria','Stevenson','1984-10-13',51.5,188,'Alzheimer','userMaria543@gmail.com'),(544,'userGeorgina544','P5KHU2ZV4','Georgina','Minos','1989-09-14',88.5,167,'Parkinson','userGeorgina544@gmail.com'),(545,'userPat545','UWTTLQ8S','Pat','Abdul','2006-06-14',45.5,215,'Diabetes','userPat545@gmail.com'),(546,'userNick546','43WV8I0U4','Nick','Evanson','2012-05-26',100.5,128,'Overwork','userNick546@gmail.com'),(547,'userMaria547','8IO5QYEVG','Maria','Evanson','2000-01-25',104.5,156,'Heart rrhythmias','userMaria547@gmail.com'),(548,'userDelilah548','PKCRKQV5V','Delilah','Ippokratous','2003-10-27',81.5,133,'Meditteranean Anemia','userDelilah548@gmail.com'),(549,'userPat549','JIHABYDP8','Pat','Evanson','1997-08-03',69.5,209,'Arthritis','userPat549@gmail.com'),(550,'userSiri550','5MHBHXLUR','Siri','Ramirez','1990-11-10',97.5,140,'Heart Attacks','userSiri550@gmail.com'),(551,'userGeorge551','SAKK85A39','George','Georgiou','2015-05-02',57.5,163,'Overwork','userGeorge551@gmail.com'),(552,'userPaul552','6VE7E7MQQ','Paul','McGee','2012-11-26',79.5,194,'Heart rrhythmias','userPaul552@gmail.com'),(553,'userMaria553','7NO7JPRQN','Maria','Georgiou','1999-01-24',113.5,207,'Heart Failure','userMaria553@gmail.com'),(554,'userSiri554','LD811C9XT','Siri','Stevens','1995-02-27',62.5,139,'Parkinson','userSiri554@gmail.com'),(555,'userVaggelis555','652UMJVIC','Vaggelis','Evans','1986-02-08',97.5,200,'Arthritis','userVaggelis555@gmail.com'),(556,'userVaggelis556','IDBDDAZO3','Vaggelis','Jameson','1997-11-17',47.5,161,'Arthritis','userVaggelis556@gmail.com'),(557,'userAlexa557','CBZ8ULTUL','Alexa','Trump','1999-12-23',68.5,218,'Meditteranean Anemia','userAlexa557@gmail.com'),(558,'userMichael558','JTOF4CEDG','Michael','Ippokratous','2000-08-17',93.5,190,'Cardiomyopathies','userMichael558@gmail.com'),(559,'userGeorgina559','6Q9K2C7E3','Georgina','Stevenson','2000-08-20',110.5,199,'Vascular disease','userGeorgina559@gmail.com'),(560,'userGeorgina560','R0D2BOCN9','Georgina','McGregor','2010-10-22',78.5,171,'Asthma','userGeorgina560@gmail.com'),(561,'userThemis561','JQ3WF2W8A','Themis','Kay','1994-10-03',83.5,177,'Arthritis','userThemis561@gmail.com'),(562,'userAli562','1Q7AW8PYD','Ali','Curry','1999-07-09',61.5,169,'Heart Stroke','userAli562@gmail.com'),(563,'userIppokratis563','B5D45C4CF','Ippokratis','Ippokratous','2013-01-27',52.5,214,'Meditteranean Anemia','userIppokratis563@gmail.com'),(564,'userShergey564','V900WGF86','Shergey','Trump','1986-05-22',92.5,172,'Pericarditis','userShergey564@gmail.com'),(565,'userThemis565','RFZHD5MF','Themis','Georgiou','2009-06-21',95.5,173,'Heart Failure','userThemis565@gmail.com'),(566,'userAlexa566','FXSOXEULF','Alexa','Georgiou','2007-05-02',86.5,193,'Asthma','userAlexa566@gmail.com'),(567,'userJohn567','NOIS909WX','John','Trump','1991-12-18',49.5,130,'Overwork','userJohn567@gmail.com'),(568,'userSully568','2T0TW6SGP','Sully','Kay','1985-06-18',47.5,168,'Obesity','userSully568@gmail.com'),(569,'userMichael569','Y5FXQSCDU','Michael','Kay','1991-05-25',48.5,121,'Cardiomyopathies','userMichael569@gmail.com'),(570,'userAli570','U0ROGSNBP','Ali','Papadopoulos','1995-01-22',96.5,166,'Parkinson','userAli570@gmail.com'),(571,'userDimitris571','2IU75ZZL1','Dimitris','Pap','2004-07-04',95.5,134,'Heart rrhythmias','userDimitris571@gmail.com'),(572,'userAristotelis572','27C2I25H1','Aristotelis','Papagiannes','1988-12-11',85.5,145,'Arthritis','userAristotelis572@gmail.com'),(573,'userDimitris573','IQ8NLANDS','Dimitris','Abdul','2008-01-10',100.5,191,'Diabetes','userDimitris573@gmail.com'),(574,'userJohn574','WL0N99B3Q','John','Papagiannes','1986-03-15',88.5,144,'Parkinson','userJohn574@gmail.com'),(575,'userGeorgina575','C214VBRZQ','Georgina','McGregor','1987-11-29',118.5,155,'Meditteranean Anemia','userGeorgina575@gmail.com'),(576,'userDimitra576','XUE2P5QBX','Dimitra','Brooks','1989-03-05',62.5,192,'Overwork','userDimitra576@gmail.com'),(577,'userGeorgina577','UJABMMYKF','Georgina','Mitsotakis','1992-05-02',90.5,200,'Arthritis','userGeorgina577@gmail.com'),(578,'userMaria578','VSKTGLJD2','Maria','Jameson','1995-03-13',57.5,206,'Arthritis','userMaria578@gmail.com'),(579,'userDimitris579','95HB7K2PZ','Dimitris','McGregor','2004-11-27',109.5,128,'Heart Failure','userDimitris579@gmail.com'),(580,'userVaggelis580','V3KTIPLJA','Vaggelis','Papagiannes','1982-03-14',77.5,142,'Heart rrhythmias','userVaggelis580@gmail.com'),(581,'userGeorgina581','P82COLV1E','Georgina','Papagiannes','2000-09-03',72.5,148,'Diabetes','userGeorgina581@gmail.com'),(582,'userPaul582','UX0SAL7G8','Paul','McGee','2006-12-22',114.5,174,'Alzheimer','userPaul582@gmail.com'),(583,'userThanos583','DJHMT6Y6L','Thanos','James','1999-01-26',86.5,131,'Anemia','userThanos583@gmail.com'),(584,'userIppokratis584','VBPRJZF7O','Ippokratis','Papa','1990-05-26',82.5,134,'Diabetes','userIppokratis584@gmail.com'),(585,'userSully585','F8A4GR1KH','Sully','Trump','1985-06-02',95.5,181,'Asthma','userSully585@gmail.com'),(586,'userDelilah586','UN05VLCXA','Delilah','Papagiannes','1982-04-03',74.5,219,'Meditteranean Anemia','userDelilah586@gmail.com'),(587,'userGeorge587','AKKEI1OPP','George','Stevenson','2008-01-13',91.5,136,'Anemia','userGeorge587@gmail.com'),(588,'userErine588','ILC3G4W8O','Erine','Ramirez','2001-08-06',58.5,163,'Anemia','userErine588@gmail.com'),(589,'userJohn589','G4T7G39S7','John','Papagiannes','2010-10-06',84.5,207,'Heart rrhythmias','userJohn589@gmail.com'),(590,'userDimitris590','8DVSZA19F','Dimitris','Zik','1989-07-11',114.5,140,'Anemia','userDimitris590@gmail.com'),(591,'userGeorge591','KS8VSF4QB','George','Jameson','2008-06-17',85.5,199,'Heart Stroke','userGeorge591@gmail.com'),(592,'userJohn592','PQVOSNBL3','John','Papagiannes','1991-12-03',67.5,151,'Cardiomyopathies','userJohn592@gmail.com'),(593,'userGeorgina593','2ZBWXH218','Georgina','Papagiannes','1997-06-02',107.5,154,'Arthritis','userGeorgina593@gmail.com'),(594,'userThanos594','K15KQ4D1W','Thanos','Abdul','2009-09-18',91.5,147,'Parkinson','userThanos594@gmail.com'),(595,'userDimitris595','UTHBU61HP','Dimitris','Obama','2004-08-28',104.5,194,'Anemia','userDimitris595@gmail.com'),(596,'userSully596','NE8ASEH9V','Sully','McGregor','2016-12-01',49.5,127,'Parkinson','userSully596@gmail.com'),(597,'userVaggelis597','V75W852DD','Vaggelis','Evans','1987-06-29',93.5,185,'Heart rrhythmias','userVaggelis597@gmail.com'),(598,'userMariah598','HPQP11R83','Mariah','Zik','2011-12-14',91.5,165,'Heart rrhythmias','userMariah598@gmail.com'),(599,'userSully599','ESATNPREL','Sully','Minos','1987-02-18',120.5,161,'Heart Failure','userSully599@gmail.com'),(600,'userDelilah600','KR184U7WA','Delilah','Ramirez','2012-09-16',115.5,127,'Heart Failure','userDelilah600@gmail.com'),(601,'userDelilah601','Q3N25XDL5','Delilah','Curry','2005-02-13',103.5,188,'Arthritis','userDelilah601@gmail.com'),(602,'userMaria602','5Z5ANFCS4','Maria','Mitsotakis','1992-02-19',59.5,198,'Heart Failure','userMaria602@gmail.com'),(603,'userIppokratis603','QW5J4H4CU','Ippokratis','Papadopoulos','2018-01-09',64.5,134,'Anemia','userIppokratis603@gmail.com'),(604,'userSully604','UQ54V0UNO','Sully','Pap','2013-12-23',75.5,171,'Parkinson','userSully604@gmail.com'),(605,'userErine605','1JQH3DMKF','Erine','Papagiannes','2006-12-30',62.5,135,'Alzheimer','userErine605@gmail.com'),(606,'userSiri606','AR7QRCCJ','Siri','Kay','2009-09-22',89.5,134,'Anemia','userSiri606@gmail.com'),(607,'userSiri607','6FLBFWXF4','Siri','Papadopoulos','1984-07-28',57.5,125,'Vascular disease','userSiri607@gmail.com'),(608,'userDelilah608','H55G92TA7','Delilah','Papa','1988-05-22',104.5,164,'Obesity','userDelilah608@gmail.com'),(609,'userErine609','ZEVE5M90Y','Erine','Jameson','2005-02-10',53.5,162,'Pericarditis','userErine609@gmail.com'),(610,'userSiri610','WEUFXJJRC','Siri','Stevenson','1987-11-26',116.5,137,'Asthma','userSiri610@gmail.com'),(611,'userJohn611','ULUS4DLIN','John','Jameson','2005-09-21',86.5,181,'Overwork','userJohn611@gmail.com'),(612,'userDimitra612','84554VB8Z','Dimitra','Papa','2002-05-17',53.5,140,'Heart Stroke','userDimitra612@gmail.com'),(613,'userAlexa613','Y59DPOPOI','Alexa','Ramirez','1996-01-22',49.5,161,'Cardiomyopathies','userAlexa613@gmail.com'),(614,'userThanos614','9BNOG31RU','Thanos','McGregor','1985-11-26',72.5,134,'Overwork','userThanos614@gmail.com'),(615,'userGeorgina615','4EYX6NDA4','Georgina','Papagiannes','1987-10-20',70.5,135,'Parkinson','userGeorgina615@gmail.com'),(616,'userMichael616','LXE4HP79R','Michael','Curry','2011-03-05',45.5,154,'Anemia','userMichael616@gmail.com'),(617,'userMichael617','119GOQCPN','Michael','Papagiannes','2018-01-01',91.5,212,'Arthritis','userMichael617@gmail.com'),(618,'userMariah618','TJ0A82TG7','Mariah','Ramirez','1982-04-21',94.5,152,'Cardiomyopathies','userMariah618@gmail.com'),(619,'userSiri619','LNCEK86PA','Siri','McGregor','1998-06-17',66.5,193,'Anemia','userSiri619@gmail.com'),(620,'userIppokratis620','SNHD5S6GN','Ippokratis','Papagiannes','2010-03-04',101.5,218,'Vascular disease','userIppokratis620@gmail.com'),(621,'userSully621','XVSJF7O19','Sully','Jameson','1991-10-21',111.5,135,'Heart rrhythmias','userSully621@gmail.com'),(622,'userAli622','NM8D9VEAV','Ali','Ippokratous','1985-02-27',62.5,162,'Arthritis','userAli622@gmail.com'),(623,'userMariah623','N7IO2K2HX','Mariah','Aristotelous','2014-04-21',71.5,151,'Meditteranean Anemia','userMariah623@gmail.com'),(624,'userIppokratis624','BEG1KBZ27','Ippokratis','McGregor','1992-12-26',75.5,208,'Vascular disease','userIppokratis624@gmail.com'),(625,'userAristotelis625','2HPU8Y34I','Aristotelis','Georgiou','1988-06-26',64.5,201,'Arthritis','userAristotelis625@gmail.com'),(626,'userThanos626','NQLSULFAP','Thanos','Kay','2006-08-27',76.5,123,'Heart Attacks','userThanos626@gmail.com'),(627,'userJohn627','53ZH0NJXA','John','Curry','1998-08-23',50.5,189,'Obesity','userJohn627@gmail.com'),(628,'userNick628','KQTV590PG','Nick','Ramirez','2016-05-16',80.5,123,'Vascular disease','userNick628@gmail.com'),(629,'userDelilah629','3WK47ZDXB','Delilah','James','2002-12-15',112.5,131,'Arthritis','userDelilah629@gmail.com'),(630,'userShergey630','DG39RH19Y','Shergey','Minos','1990-08-06',58.5,180,'Vascular disease','userShergey630@gmail.com'),(631,'userVaggelis631','SWV76K170','Vaggelis','Stevens','1999-01-22',110.5,188,'Heart Attacks','userVaggelis631@gmail.com'),(632,'userGeorge632','4HH7B212C','George','Evanson','2007-04-15',113.5,171,'Alzheimer','userGeorge632@gmail.com'),(633,'userThemis633','PSXNHX9FV','Themis','Stevens','1983-10-31',116.5,209,'Parkinson','userThemis633@gmail.com'),(634,'userGeorge634','L3K24P36M','George','James','2013-06-15',65.5,206,'Heart Stroke','userGeorge634@gmail.com'),(635,'userSully635','T3PX6G0O9','Sully','Brooks','1987-11-02',118.5,150,'Heart rrhythmias','userSully635@gmail.com'),(636,'userDimitris636','PQWLNV42R','Dimitris','James','2014-11-25',46.5,193,'Heart Attacks','userDimitris636@gmail.com'),(637,'userThemis637','NLYQF8YCT','Themis','Stevenson','1998-02-10',55.5,121,'Parkinson','userThemis637@gmail.com'),(638,'userAlexa638','X8MJFGWPC','Alexa','Alvarez','2008-09-05',101.5,202,'Vascular disease','userAlexa638@gmail.com'),(639,'userPat639','Q3N1GZ3ZX','Pat','McGregor','2003-05-29',65.5,125,'Heart Attacks','userPat639@gmail.com'),(640,'userGeorgina640','Q6Y2QYLL9','Georgina','Minos','1990-01-26',68.5,139,'Asthma','userGeorgina640@gmail.com'),(641,'userGeorgina641','IUHNE4B9I','Georgina','Evanson','2019-08-12',47.5,134,'Heart Attacks','userGeorgina641@gmail.com'),(642,'userDimitris642','A9FQEFU4E','Dimitris','Papagiannes','2018-11-09',75.5,209,'Arthritis','userDimitris642@gmail.com'),(643,'userGeorge643','1O19G7TJ0','George','James','1993-01-20',88.5,194,'Heart Attacks','userGeorge643@gmail.com'),(644,'userJohn644','BXGHBE0NB','John','Mitsotakis','2001-12-30',72.5,160,'Heart Attacks','userJohn644@gmail.com'),(645,'userThemis645','H6G4O1OS','Themis','Abdul','2014-05-17',74.5,172,'Vascular disease','userThemis645@gmail.com'),(646,'userMariah646','IGCX1SW8R','Mariah','Mitsotakis','1997-09-16',71.5,217,'Vascular disease','userMariah646@gmail.com'),(647,'userAlexa647','IM1EJM0UK','Alexa','Georgiou','2007-11-08',114.5,184,'Pericarditis','userAlexa647@gmail.com'),(648,'userPaul648','7PL9L7KXV','Paul','Kay','1982-05-06',79.5,151,'Anemia','userPaul648@gmail.com'),(649,'userGeorge649','7ZNPVEOIQ','George','Papa','1989-05-17',91.5,184,'Heart Failure','userGeorge649@gmail.com'),(650,'userThemis650','MNPR6G5C8','Themis','Zik','1982-11-28',93.5,152,'Anemia','userThemis650@gmail.com'),(651,'userThemis651','865SEFWHF','Themis','Aristotelous','2016-06-22',77.5,209,'Obesity','userThemis651@gmail.com'),(652,'userAggeliki652','1KHC2WYIX','Aggeliki','Curry','1997-09-17',66.5,190,'Obesity','userAggeliki652@gmail.com'),(653,'userDelilah653','PC7N7OV83','Delilah','McGee','1985-03-16',100.5,212,'Anemia','userDelilah653@gmail.com'),(654,'userThanos654','15S7WD1VM','Thanos','Papagiannes','2002-01-14',82.5,126,'Arthritis','userThanos654@gmail.com'),(655,'userJohn655','JEE17PR4','John','Evanson','1998-04-11',66.5,192,'Meditteranean Anemia','userJohn655@gmail.com'),(656,'userAli656','H8QQ58AZO','Ali','Trump','1984-03-29',119.5,128,'Arthritis','userAli656@gmail.com'),(657,'userMaria657','IR2WUM5F7','Maria','Papadopoulos','2001-11-26',109.5,204,'Meditteranean Anemia','userMaria657@gmail.com'),(658,'userDelilah658','2DLPPO1JV','Delilah','Brooks','1991-04-29',105.5,191,'Heart Failure','userDelilah658@gmail.com'),(659,'userJohn659','H2ZC88D0V','John','Obama','1992-09-03',120.5,202,'Pericarditis','userJohn659@gmail.com'),(660,'userGeorgina660','NZU57BOYX','Georgina','Stevens','1994-08-01',82.5,171,'Asthma','userGeorgina660@gmail.com'),(661,'userThanos661','ASW9BJ8QN','Thanos','Papa','2010-01-13',57.5,125,'Meditteranean Anemia','userThanos661@gmail.com'),(662,'userMariah662','5GL5LLTW4','Mariah','Mitsotakis','2008-09-17',52.5,178,'Cardiomyopathies','userMariah662@gmail.com'),(663,'userMichael663','MHZ2HP3ML','Michael','Mitsotakis','1986-06-26',105.5,155,'Overwork','userMichael663@gmail.com'),(664,'userThemis664','6WDSU6FKS','Themis','James','2008-04-15',84.5,190,'Alzheimer','userThemis664@gmail.com'),(665,'userThanos665','X9HIXQR6O','Thanos','Ramirez','1990-06-20',106.5,196,'Heart Attacks','userThanos665@gmail.com'),(666,'userPaul666','CY8DHIG52','Paul','Papagiannes','1983-04-18',95.5,168,'Diabetes','userPaul666@gmail.com'),(667,'userAggeliki667','IFPRSZ1JH','Aggeliki','Mitsotakis','2007-10-22',57.5,207,'Parkinson','userAggeliki667@gmail.com'),(668,'userIppokratis668','WH42ZU8PR','Ippokratis','Stevens','2017-12-06',90.5,207,'Obesity','userIppokratis668@gmail.com'),(669,'userSully669','F73TO1XCD','Sully','McGee','2014-06-01',95.5,212,'Arthritis','userSully669@gmail.com'),(670,'userAggeliki670','GF3UV85TX','Aggeliki','Jameson','1994-02-10',69.5,180,'Asthma','userAggeliki670@gmail.com'),(671,'userThanos671','7R8VGE940','Thanos','McGregor','2004-04-28',120.5,196,'Vascular disease','userThanos671@gmail.com'),(672,'userMichael672','IKKFIBZ8Q','Michael','Ramirez','1982-04-21',104.5,217,'Pericarditis','userMichael672@gmail.com'),(673,'userGeorge673','YCF0Z91EF','George','Trump','2011-10-24',61.5,166,'Pericarditis','userGeorge673@gmail.com'),(674,'userDimitra674','HU1M4K3AO','Dimitra','Obama','1986-06-28',54.5,123,'Cardiomyopathies','userDimitra674@gmail.com'),(675,'userAli675','D0Z5EQ88N','Ali','Aristotelous','2010-01-06',97.5,188,'Heart rrhythmias','userAli675@gmail.com'),(676,'userDelilah676','AAM6RR0KE','Delilah','Curry','1989-08-12',62.5,199,'Parkinson','userDelilah676@gmail.com'),(677,'userGeorge677','O2ZBH0YP6','George','Kay','2001-09-19',100.5,141,'Heart Stroke','userGeorge677@gmail.com'),(678,'userDelilah678','MRRR0A1YK','Delilah','Georgiou','2013-05-08',71.5,143,'Cardiomyopathies','userDelilah678@gmail.com'),(679,'userDimitra679','PIGOETTGO','Dimitra','Pap','2015-11-19',111.5,123,'Heart rrhythmias','userDimitra679@gmail.com'),(680,'userMaria680','EPQQG9W42','Maria','McGee','2017-05-24',85.5,168,'Heart Stroke','userMaria680@gmail.com'),(681,'userThemis681','ABAPN6QJ6','Themis','Georgiou','1991-08-09',50.5,136,'Heart Attacks','userThemis681@gmail.com'),(682,'userPat682','UXNNWV4YS','Pat','Zik','1993-01-27',60.5,214,'Arthritis','userPat682@gmail.com'),(683,'userAli683','PQL9GI4PQ','Ali','McGregor','1989-08-16',93.5,199,'Diabetes','userAli683@gmail.com'),(684,'userThemis684','YE686E7WA','Themis','Obama','2001-05-14',102.5,155,'Cardiomyopathies','userThemis684@gmail.com'),(685,'userThanos685','4SWWP25WY','Thanos','Jameson','1985-10-30',110.5,181,'Anemia','userThanos685@gmail.com'),(686,'userPat686','TKOZ7RMM3','Pat','Brooks','2003-04-14',96.5,126,'Overwork','userPat686@gmail.com'),(687,'userJohn687','PL4JJJPHJ','John','Zik','2018-08-15',48.5,133,'Heart Stroke','userJohn687@gmail.com'),(688,'userGeorge688','LX15R4MJU','George','Mitsotakis','2003-03-06',48.5,212,'Heart Failure','userGeorge688@gmail.com'),(689,'userMaria689','J1TO28UBY','Maria','James','2009-12-05',85.5,209,'Overwork','userMaria689@gmail.com'),(690,'userJohn690','MKSY3LJ0Y','John','Stevenson','1989-08-01',53.5,136,'Parkinson','userJohn690@gmail.com'),(691,'userDimitra691','CFSF3048S','Dimitra','Brooks','1995-10-13',117.5,209,'Parkinson','userDimitra691@gmail.com'),(692,'userPat692','GZAAE8VYZ','Pat','Pap','2014-06-06',104.5,171,'Alzheimer','userPat692@gmail.com'),(693,'userAggeliki693','5EKGOPD21','Aggeliki','James','2015-09-13',55.5,155,'Heart rrhythmias','userAggeliki693@gmail.com'),(694,'userDelilah694','I676YKGIP','Delilah','Georgiou','1996-03-20',75.5,136,'Heart Stroke','userDelilah694@gmail.com'),(695,'userGeorge695','UUGJMKZTC','George','Evanson','1981-10-02',119.5,211,'Heart Attacks','userGeorge695@gmail.com'),(696,'userErine696','5VIDQVGPJ','Erine','Georgiou','1996-02-18',51.5,178,'Arthritis','userErine696@gmail.com'),(697,'userThanos697','ZCCO619W1','Thanos','Mitsotakis','1997-08-05',87.5,127,'Obesity','userThanos697@gmail.com'),(698,'userJohn698','J5MX267RZ','John','Stevenson','1989-01-31',120.5,175,'Arthritis','userJohn698@gmail.com'),(699,'userGeorge699','47NYAWBL6','George','McGee','1994-07-07',120.5,219,'Diabetes','userGeorge699@gmail.com'),(700,'userGeorge700','46FEZ0MX0','George','Evanson','1997-07-28',90.5,146,'Overwork','userGeorge700@gmail.com'),(701,'userPaul701','HWL3QZY1Y','Paul','Papadopoulos','2017-01-05',50.5,133,'Vascular disease','userPaul701@gmail.com'),(702,'userGeorge702','JIRE9E3UL','George','Stevens','2014-09-01',75.5,182,'Heart rrhythmias','userGeorge702@gmail.com'),(703,'userThanos703','ED7JJ3CPO','Thanos','Brooks','2018-10-27',56.5,189,'Asthma','userThanos703@gmail.com'),(704,'userDelilah704','QH21H3IW0','Delilah','Papa','2013-02-07',89.5,156,'Heart Stroke','userDelilah704@gmail.com'),(705,'userVaggelis705','QG1CWML27','Vaggelis','Brooks','1999-05-21',66.5,200,'Cardiomyopathies','userVaggelis705@gmail.com'),(706,'userNick706','EL0G579NX','Nick','Evans','2005-02-22',53.5,160,'Parkinson','userNick706@gmail.com'),(707,'userSiri707','35HK13EIP','Siri','McGee','2011-03-20',53.5,210,'Arthritis','userSiri707@gmail.com'),(708,'userDimitris708','55RPN7490','Dimitris','Minos','1994-05-16',114.5,180,'Heart rrhythmias','userDimitris708@gmail.com'),(709,'userAli709','QUHXXIRKT','Ali','Papagiannes','2011-03-21',45.5,157,'Obesity','userAli709@gmail.com'),(710,'userShergey710','C46NJNMHW','Shergey','Ippokratous','2010-06-14',85.5,212,'Asthma','userShergey710@gmail.com'),(711,'userSully711','POIH3KDC7','Sully','James','2001-10-09',115.5,139,'Cardiomyopathies','userSully711@gmail.com'),(712,'userMaria712','5B0S1AOXF','Maria','Papadopoulos','1986-07-16',112.5,203,'Obesity','userMaria712@gmail.com'),(713,'userThemis713','CW9NX5IRD','Themis','McGregor','2001-03-10',71.5,149,'Heart Attacks','userThemis713@gmail.com'),(714,'userThanos714','JKFGL5LU7','Thanos','Alvarez','2016-04-05',92.5,203,'Heart Stroke','userThanos714@gmail.com'),(715,'userNick715','I1W4C7XSG','Nick','Evanson','2015-03-19',105.5,180,'Anemia','userNick715@gmail.com'),(716,'userSully716','M8JIOPS69','Sully','Stevens','2017-12-13',47.5,219,'Anemia','userSully716@gmail.com'),(717,'userGeorge717','AKXHGBPZ6','George','Minos','2019-10-09',51.5,160,'Anemia','userGeorge717@gmail.com'),(718,'userSiri718','C5OJWCC3H','Siri','Evanson','1996-02-11',90.5,135,'Heart Attacks','userSiri718@gmail.com'),(719,'userShergey719','LIEZJXMR','Shergey','Pap','1998-07-08',80.5,185,'Vascular disease','userShergey719@gmail.com'),(720,'userVaggelis720','6TO64VJUN','Vaggelis','Brooks','1996-05-18',49.5,165,'Vascular disease','userVaggelis720@gmail.com'),(721,'userAli721','2YH8HPISC','Ali','Trump','1982-11-25',73.5,215,'Anemia','userAli721@gmail.com'),(722,'userAli722','RWX2UOO6S','Ali','Papa','2019-02-08',120.5,209,'Cardiomyopathies','userAli722@gmail.com'),(723,'userJohn723','R8B34JKH0','John','Minos','2007-09-16',116.5,192,'Heart Failure','userJohn723@gmail.com'),(724,'userAli724','YBYEC2E3T','Ali','Ramirez','2009-04-29',71.5,210,'Cardiomyopathies','userAli724@gmail.com'),(725,'userGeorgina725','G85ZLHI1K','Georgina','McGee','1994-03-29',69.5,181,'Heart rrhythmias','userGeorgina725@gmail.com'),(726,'userDimitra726','U6A7Y72IG','Dimitra','Papa','2011-04-11',54.5,217,'Arthritis','userDimitra726@gmail.com'),(727,'userMichael727','VP9UQFO3K','Michael','Kay','1985-01-09',72.5,128,'Heart Attacks','userMichael727@gmail.com'),(728,'userMariah728','U8O8S15KN','Mariah','Aristotelous','2016-04-01',115.5,155,'Heart Failure','userMariah728@gmail.com'),(729,'userAli729','2AZF4SPDN','Ali','Minos','1990-06-09',62.5,206,'Pericarditis','userAli729@gmail.com'),(730,'userSully730','IFVR38K9G','Sully','Curry','2019-07-09',99.5,172,'Overwork','userSully730@gmail.com'),(731,'userAristotelis731','NKWEZL94L','Aristotelis','Papa','2010-11-23',77.5,161,'Vascular disease','userAristotelis731@gmail.com'),(732,'userThanos732','DZ9CYW6V3','Thanos','Brooks','1997-04-14',67.5,192,'Overwork','userThanos732@gmail.com'),(733,'userThanos733','761XR6L5W','Thanos','Aristotelous','1992-04-06',100.5,168,'Heart Failure','userThanos733@gmail.com'),(734,'userPaul734','HUFF2J45W','Paul','Kay','2011-11-25',67.5,203,'Heart Attacks','userPaul734@gmail.com'),(735,'userPaul735','WQL7ODAR9','Paul','Evanson','2007-02-04',87.5,201,'Heart Failure','userPaul735@gmail.com'),(736,'userIppokratis736','QIOUOHVT1','Ippokratis','McGregor','1991-05-17',70.5,162,'Heart Stroke','userIppokratis736@gmail.com'),(737,'userAggeliki737','HBWU5L6KM','Aggeliki','Ramirez','1982-07-31',95.5,160,'Asthma','userAggeliki737@gmail.com'),(738,'userThanos738','RZRTS6R6N','Thanos','Abdul','1999-05-14',93.5,177,'Obesity','userThanos738@gmail.com'),(739,'userAli739','YNMSUBCCT','Ali','Mitsotakis','1987-05-05',117.5,143,'Alzheimer','userAli739@gmail.com'),(740,'userMariah740','5KCR0G8PD','Mariah','Brooks','1989-05-28',116.5,152,'Pericarditis','userMariah740@gmail.com'),(741,'userIppokratis741','YEB933Q1L','Ippokratis','Papagiannes','2009-11-30',84.5,202,'Overwork','userIppokratis741@gmail.com'),(742,'userSully742','DWMQUJPWA','Sully','Stevenson','2015-01-05',95.5,216,'Cardiomyopathies','userSully742@gmail.com'),(743,'userDimitris743','BKFVU8N5P','Dimitris','Stevenson','1986-07-14',84.5,220,'Obesity','userDimitris743@gmail.com'),(744,'userAli744','M2OEAA7SS','Ali','Trump','1985-04-20',46.5,156,'Heart Failure','userAli744@gmail.com'),(745,'userAlexa745','TVU5HM0SS','Alexa','Kay','2009-06-06',67.5,188,'Heart Attacks','userAlexa745@gmail.com'),(746,'userJohn746','V21L6CX8S','John','Zik','1985-03-18',112.5,195,'Asthma','userJohn746@gmail.com'),(747,'userDimitris747','IWF9KZQ4B','Dimitris','Ippokratous','1982-03-27',99.5,182,'Parkinson','userDimitris747@gmail.com'),(748,'userAlexa748','I337D6G3O','Alexa','McGee','2007-10-28',115.5,190,'Arthritis','userAlexa748@gmail.com'),(749,'userSully749','U9TI1M59G','Sully','Georgiou','2018-08-13',88.5,194,'Cardiomyopathies','userSully749@gmail.com'),(750,'userMichael750','YM16W4SGP','Michael','James','1990-02-08',60.5,189,'Meditteranean Anemia','userMichael750@gmail.com'),(751,'userDelilah751','E02MGH5UC','Delilah','Pap','2013-09-18',46.5,180,'Cardiomyopathies','userDelilah751@gmail.com'),(752,'userMichael752','XZF8IJ3JK','Michael','Papadopoulos','2009-09-26',72.5,220,'Meditteranean Anemia','userMichael752@gmail.com'),(753,'userMaria753','MKILT8PJR','Maria','Papagiannes','1982-03-07',69.5,184,'Arthritis','userMaria753@gmail.com'),(754,'userMariah754','CWYEKHSM9','Mariah','Ippokratous','2018-12-28',95.5,144,'Anemia','userMariah754@gmail.com'),(755,'userPat755','21JK2VIS3','Pat','Obama','1993-09-16',81.5,156,'Heart rrhythmias','userPat755@gmail.com'),(756,'userThemis756','U1Q3O73GL','Themis','Papadopoulos','1987-05-09',61.5,171,'Obesity','userThemis756@gmail.com'),(757,'userPaul757','V5WCZ18DC','Paul','Mitsotakis','2008-01-28',116.5,197,'Asthma','userPaul757@gmail.com'),(758,'userSully758','70YDHJGHP','Sully','Stevens','1990-01-23',115.5,153,'Overwork','userSully758@gmail.com'),(759,'userGeorge759','5AV5OMTMJ','George','Zik','2003-05-09',48.5,215,'Heart rrhythmias','userGeorge759@gmail.com'),(760,'userMariah760','KWO84L61K','Mariah','Trump','1991-02-08',118.5,180,'Pericarditis','userMariah760@gmail.com'),(761,'userMariah761','ILWOMX06D','Mariah','Mitsotakis','1997-10-24',52.5,198,'Vascular disease','userMariah761@gmail.com'),(762,'userNick762','LY9B1PF3U','Nick','Alvarez','1992-11-21',86.5,181,'Meditteranean Anemia','userNick762@gmail.com'),(763,'userDimitris763','XDQDGFMMV','Dimitris','McGee','1989-03-19',111.5,215,'Asthma','userDimitris763@gmail.com'),(764,'userDimitra764','UKCQR9F7S','Dimitra','Georgiou','1990-03-12',47.5,202,'Heart rrhythmias','userDimitra764@gmail.com'),(765,'userAristotelis765','DCOY0PUWE','Aristotelis','Kay','1995-12-14',76.5,142,'Diabetes','userAristotelis765@gmail.com'),(766,'userDimitris766','4LYGG7YT5','Dimitris','Minos','2001-03-18',52.5,120,'Arthritis','userDimitris766@gmail.com'),(767,'userGeorge767','UC25LVMVY','George','Aristotelous','1985-05-05',106.5,153,'Parkinson','userGeorge767@gmail.com'),(768,'userErine768','EH4BF7C14','Erine','Jameson','2010-07-10',70.5,217,'Meditteranean Anemia','userErine768@gmail.com'),(769,'userDelilah769','ALV6SIV9X','Delilah','Abdul','1990-03-25',54.5,150,'Parkinson','userDelilah769@gmail.com'),(770,'userAggeliki770','XJB2I61IV','Aggeliki','Georgiou','1988-01-03',79.5,199,'Overwork','userAggeliki770@gmail.com'),(771,'userAlexa771','FAB23TOL3','Alexa','Stevenson','2013-05-19',48.5,189,'Anemia','userAlexa771@gmail.com'),(772,'userNick772','4O88H68WM','Nick','Pap','1994-08-01',71.5,196,'Diabetes','userNick772@gmail.com'),(773,'userMaria773','42MM9GITN','Maria','Papagiannes','1987-03-15',87.5,142,'Diabetes','userMaria773@gmail.com'),(774,'userAlexa774','QFL62UDK3','Alexa','Kay','2002-08-04',80.5,217,'Pericarditis','userAlexa774@gmail.com'),(775,'userVaggelis775','ESQVE2PP2','Vaggelis','Ippokratous','2010-03-09',80.5,177,'Pericarditis','userVaggelis775@gmail.com'),(776,'userVaggelis776','M2MRADS6R','Vaggelis','McGee','2006-11-18',64.5,144,'Arthritis','userVaggelis776@gmail.com'),(777,'userDelilah777','YLZNOQVEA','Delilah','Stevenson','1991-12-24',118.5,183,'Heart Failure','userDelilah777@gmail.com'),(778,'userThanos778','4U8HIA0CN','Thanos','Ippokratous','2008-03-12',101.5,202,'Overwork','userThanos778@gmail.com'),(779,'userMichael779','SGLUE65KS','Michael','Minos','1981-11-13',51.5,164,'Pericarditis','userMichael779@gmail.com'),(780,'userGeorgina780','J46D14MWV','Georgina','Papa','1990-04-23',92.5,200,'Asthma','userGeorgina780@gmail.com'),(781,'userDimitris781','BLU4G2VRC','Dimitris','Stevenson','2017-09-17',54.5,165,'Heart Failure','userDimitris781@gmail.com'),(782,'userThanos782','RTDC3P93G','Thanos','James','1996-08-03',47.5,153,'Overwork','userThanos782@gmail.com'),(783,'userAli783','3P4QJ9JQS','Ali','Mitsotakis','2007-04-03',57.5,202,'Anemia','userAli783@gmail.com'),(784,'userJohn784','1RVM6DTLK','John','Stevenson','2000-06-07',117.5,147,'Cardiomyopathies','userJohn784@gmail.com'),(785,'userMaria785','C86ERD60T','Maria','Ippokratous','1997-05-09',61.5,151,'Meditteranean Anemia','userMaria785@gmail.com'),(786,'userAlexa786','M14LSTX5R','Alexa','McGee','1988-05-14',58.5,160,'Overwork','userAlexa786@gmail.com'),(787,'userPaul787','JK8KHO5MU','Paul','Brooks','1990-01-16',55.5,152,'Diabetes','userPaul787@gmail.com'),(788,'userGeorgina788','GVYH6X8YY','Georgina','Obama','1995-06-07',71.5,205,'Arthritis','userGeorgina788@gmail.com'),(789,'userThanos789','VQ0XNP5DX','Thanos','Evans','2011-08-03',62.5,172,'Pericarditis','userThanos789@gmail.com'),(790,'userMichael790','BC4NG4ZN','Michael','Papa','1981-10-16',103.5,207,'Heart rrhythmias','userMichael790@gmail.com'),(791,'userAli791','AMRKJ12XJ','Ali','Alvarez','2012-08-10',72.5,142,'Asthma','userAli791@gmail.com'),(792,'userErine792','S4VN1FEGL','Erine','Zik','1997-10-09',106.5,148,'Asthma','userErine792@gmail.com'),(793,'userPaul793','UKEC5JUXE','Paul','Jameson','1998-03-27',109.5,171,'Anemia','userPaul793@gmail.com'),(794,'userAli794','YHPS0CXUI','Ali','James','1996-01-19',46.5,141,'Asthma','userAli794@gmail.com'),(795,'userSully795','MLXGW0QSR','Sully','Papa','2005-01-02',54.5,164,'Heart Failure','userSully795@gmail.com'),(796,'userVaggelis796','2C07KZXPH','Vaggelis','McGregor','1990-11-28',74.5,184,'Asthma','userVaggelis796@gmail.com'),(797,'userGeorgina797','326R0R8FS','Georgina','Zik','2002-04-29',107.5,191,'Heart Attacks','userGeorgina797@gmail.com'),(798,'userJohn798','I4UMDK35U','John','Jameson','2000-06-28',87.5,148,'Cardiomyopathies','userJohn798@gmail.com'),(799,'userPaul799','LK31JRYKW','Paul','Curry','2008-10-07',92.5,143,'Heart Failure','userPaul799@gmail.com'),(800,'userPat800','YPTPGO9JZ','Pat','Curry','2007-11-20',53.5,180,'Alzheimer','userPat800@gmail.com'),(801,'userThanos801','61G3C3XWU','Thanos','Obama','1982-11-16',74.5,122,'Heart Attacks','userThanos801@gmail.com'),(802,'userNick802','NRMMMHCCP','Nick','Curry','2011-09-07',63.5,178,'Diabetes','userNick802@gmail.com'),(803,'userAlexa803','NO4MBFQMD','Alexa','Alvarez','1988-01-26',57.5,150,'Asthma','userAlexa803@gmail.com'),(804,'userGeorge804','NQFVIF19S','George','Alvarez','2001-05-20',45.5,181,'Cardiomyopathies','userGeorge804@gmail.com'),(805,'userIppokratis805','6GMITUSQB','Ippokratis','Curry','2004-09-25',71.5,176,'Arthritis','userIppokratis805@gmail.com'),(806,'userAggeliki806','XR2L4J02W','Aggeliki','Obama','2016-11-14',46.5,208,'Obesity','userAggeliki806@gmail.com'),(807,'userMaria807','M3MFZWF00','Maria','Mitsotakis','1987-03-13',101.5,136,'Heart Attacks','userMaria807@gmail.com'),(808,'userDimitris808','JG06U13SZ','Dimitris','Alvarez','1992-08-14',62.5,121,'Heart rrhythmias','userDimitris808@gmail.com'),(809,'userSiri809','KPX3AI4A9','Siri','Jameson','1990-08-30',49.5,219,'Overwork','userSiri809@gmail.com'),(810,'userGeorgina810','WXJVIMHZC','Georgina','Pap','2016-09-26',48.5,121,'Heart Attacks','userGeorgina810@gmail.com'),(811,'userThanos811','ICTSZ0RMQ','Thanos','Stevenson','2001-04-28',119.5,163,'Heart Attacks','userThanos811@gmail.com'),(812,'userThemis812','WQTVWECQH','Themis','Minos','1997-02-15',59.5,137,'Pericarditis','userThemis812@gmail.com'),(813,'userThemis813','KK6INOXJG','Themis','Curry','2017-09-16',112.5,148,'Pericarditis','userThemis813@gmail.com'),(814,'userPaul814','DDXGG3SUD','Paul','Papa','1990-11-20',81.5,136,'Obesity','userPaul814@gmail.com'),(815,'userDelilah815','XRZBNX6Y0','Delilah','Kay','2017-04-22',50.5,134,'Alzheimer','userDelilah815@gmail.com'),(816,'userGeorgina816','23AO3QN48','Georgina','McGregor','1985-08-13',88.5,139,'Heart rrhythmias','userGeorgina816@gmail.com'),(817,'userAlexa817','99K0U3GF6','Alexa','Papagiannes','1994-04-10',90.5,215,'Heart Failure','userAlexa817@gmail.com'),(818,'userThanos818','J5UEHYAAH','Thanos','McGregor','2010-05-02',110.5,173,'Alzheimer','userThanos818@gmail.com'),(819,'userAggeliki819','OV2J1QUL3','Aggeliki','Kay','1996-12-05',96.5,176,'Anemia','userAggeliki819@gmail.com'),(820,'userAli820','NNUJNUTRX','Ali','Papadopoulos','2009-05-06',67.5,188,'Anemia','userAli820@gmail.com'),(821,'userAli821','YYHK7FH45','Ali','Zik','1996-10-13',87.5,220,'Heart Failure','userAli821@gmail.com'),(822,'userMichael822','ASSZ0H5O4','Michael','Evans','2000-05-10',84.5,129,'Diabetes','userMichael822@gmail.com'),(823,'userPat823','QJUZIVW2I','Pat','Kay','1998-10-21',94.5,180,'Asthma','userPat823@gmail.com'),(824,'userAristotelis824','HHXNLZUUJ','Aristotelis','Jameson','2017-08-06',94.5,126,'Vascular disease','userAristotelis824@gmail.com'),(825,'userShergey825','6Q1JZCRQ0','Shergey','Papadopoulos','2006-04-05',114.5,171,'Alzheimer','userShergey825@gmail.com'),(826,'userGeorgina826','QMFYAKTBM','Georgina','McGregor','2008-04-22',114.5,189,'Pericarditis','userGeorgina826@gmail.com'),(827,'userAli827','R28VMC2XM','Ali','James','1983-01-30',108.5,151,'Asthma','userAli827@gmail.com'),(828,'userThemis828','UN8UNV0A4','Themis','Papadopoulos','1999-08-28',97.5,205,'Heart rrhythmias','userThemis828@gmail.com'),(829,'userThanos829','YPFQEWIGF','Thanos','Papagiannes','2015-07-17',91.5,194,'Parkinson','userThanos829@gmail.com'),(830,'userDelilah830','LLKCV5AER','Delilah','Mitsotakis','2012-11-05',95.5,200,'Cardiomyopathies','userDelilah830@gmail.com'),(831,'userPat831','QDT0S2HNT','Pat','Georgiou','2017-09-21',52.5,149,'Heart Stroke','userPat831@gmail.com'),(832,'userIppokratis832','E1LFIM2CU','Ippokratis','Alvarez','1987-05-06',53.5,220,'Meditteranean Anemia','userIppokratis832@gmail.com'),(833,'userShergey833','Z6N26TEM7','Shergey','Evans','1993-12-10',61.5,127,'Cardiomyopathies','userShergey833@gmail.com'),(834,'userAggeliki834','5NQOGZ5AM','Aggeliki','James','1998-06-17',119.5,139,'Asthma','userAggeliki834@gmail.com'),(835,'userGeorge835','N1MRF35Z8','George','Evans','2012-12-21',50.5,201,'Heart Attacks','userGeorge835@gmail.com'),(836,'userAristotelis836','KMOQFRG9S','Aristotelis','Ramirez','2016-08-12',67.5,144,'Arthritis','userAristotelis836@gmail.com'),(837,'userThanos837','KDNOZZKG','Thanos','Ramirez','1996-04-18',117.5,211,'Alzheimer','userThanos837@gmail.com'),(838,'userMaria838','OTD8LRP3K','Maria','Mitsotakis','2009-08-04',75.5,140,'Anemia','userMaria838@gmail.com'),(839,'userMichael839','349ZM2E5P','Michael','Brooks','2015-07-03',102.5,162,'Meditteranean Anemia','userMichael839@gmail.com'),(840,'userSiri840','Z7P25HST5','Siri','Papagiannes','1990-09-26',116.5,162,'Arthritis','userSiri840@gmail.com'),(841,'userIppokratis841','F4EHZHHAE','Ippokratis','Ramirez','1999-06-01',74.5,153,'Meditteranean Anemia','userIppokratis841@gmail.com'),(842,'userPat842','QZQUA9FX7','Pat','Alvarez','2004-07-24',62.5,216,'Cardiomyopathies','userPat842@gmail.com'),(843,'userJohn843','8T9CXZE85','John','Abdul','2019-09-01',119.5,207,'Heart Failure','userJohn843@gmail.com'),(844,'userVaggelis844','HHPQZRR4J','Vaggelis','Papa','1984-07-12',90.5,143,'Heart Stroke','userVaggelis844@gmail.com'),(845,'userNick845','XNRCK1R1P','Nick','Georgiou','2001-01-10',88.5,160,'Heart Stroke','userNick845@gmail.com'),(846,'userAristotelis846','8IN37CTLE','Aristotelis','Trump','2006-11-14',54.5,181,'Overwork','userAristotelis846@gmail.com'),(847,'userAlexa847','3X5SMRE46','Alexa','Ramirez','2003-12-10',116.5,162,'Heart Failure','userAlexa847@gmail.com'),(848,'userDimitra848','TET5F3KYO','Dimitra','Georgiou','1989-10-04',91.5,187,'Heart Failure','userDimitra848@gmail.com'),(849,'userNick849','M754PGZB','Nick','Zik','2019-11-05',82.5,167,'Arthritis','userNick849@gmail.com'),(850,'userAlexa850','XL8RTBNJ5','Alexa','Stevenson','1997-12-01',67.5,199,'Cardiomyopathies','userAlexa850@gmail.com'),(851,'userDimitra851','DENZYZSXL','Dimitra','Ramirez','1988-09-15',120.5,175,'Heart Failure','userDimitra851@gmail.com'),(852,'userJohn852','WCLXQWLTT','John','Kay','1997-03-11',115.5,204,'Meditteranean Anemia','userJohn852@gmail.com'),(853,'userPaul853','DRZMOBM89','Paul','Evanson','1985-05-30',87.5,131,'Heart Stroke','userPaul853@gmail.com'),(854,'userSiri854','H5G2K0KUX','Siri','Mitsotakis','2009-03-18',96.5,177,'Heart Attacks','userSiri854@gmail.com'),(855,'userJohn855','85P9J9SZD','John','Stevenson','2019-03-10',98.5,167,'Cardiomyopathies','userJohn855@gmail.com'),(856,'userGeorgina856','R511CJACK','Georgina','Evanson','1994-05-18',94.5,146,'Heart Failure','userGeorgina856@gmail.com'),(857,'userPat857','VDMGEG8KL','Pat','Pap','2000-05-07',115.5,129,'Obesity','userPat857@gmail.com'),(858,'userPat858','88LSG1UXE','Pat','Mitsotakis','1988-03-24',52.5,124,'Heart Failure','userPat858@gmail.com'),(859,'userIppokratis859','CK07OTTJV','Ippokratis','Brooks','1998-08-17',67.5,203,'Arthritis','userIppokratis859@gmail.com'),(860,'userMariah860','MOPZ2CTBJ','Mariah','Evanson','1988-03-26',59.5,164,'Parkinson','userMariah860@gmail.com'),(861,'userErine861','I0IEW1S5S','Erine','Georgiou','2013-07-22',79.5,197,'Cardiomyopathies','userErine861@gmail.com'),(862,'userAlexa862','I0T04S7AL','Alexa','Papagiannes','1990-07-22',97.5,137,'Overwork','userAlexa862@gmail.com'),(863,'userNick863','DEL6D1YBN','Nick','McGee','2002-10-11',88.5,173,'Obesity','userNick863@gmail.com'),(864,'userAggeliki864','EXQQMWKCD','Aggeliki','Papadopoulos','2010-07-20',107.5,156,'Meditteranean Anemia','userAggeliki864@gmail.com'),(865,'userThemis865','CHIZTHHEB','Themis','Aristotelous','2011-05-09',108.5,170,'Asthma','userThemis865@gmail.com'),(866,'userAlexa866','NE0B7DSO3','Alexa','Mitsotakis','2016-10-14',50.5,132,'Heart Attacks','userAlexa866@gmail.com'),(867,'userGeorge867','4NE9REDJ6','George','Abdul','1998-08-30',64.5,185,'Pericarditis','userGeorge867@gmail.com'),(868,'userAlexa868','W28M765KL','Alexa','Ippokratous','2007-05-20',47.5,136,'Heart Failure','userAlexa868@gmail.com'),(869,'userNick869','X0C12W48I','Nick','Brooks','1995-07-02',109.5,152,'Meditteranean Anemia','userNick869@gmail.com'),(870,'userPaul870','56HWJOOWM','Paul','Stevens','1991-02-25',58.5,181,'Arthritis','userPaul870@gmail.com'),(871,'userErine871','1JFKX4JPV','Erine','Kay','2001-12-31',113.5,133,'Heart Failure','userErine871@gmail.com'),(872,'userPat872','1H7FVSPXE','Pat','Brooks','2013-04-22',82.5,212,'Parkinson','userPat872@gmail.com'),(873,'userVaggelis873','P3JGU0RGV','Vaggelis','Papagiannes','2006-10-21',62.5,134,'Asthma','userVaggelis873@gmail.com'),(874,'userThanos874','K1JDJ3QEG','Thanos','Papa','2002-02-13',49.5,210,'Cardiomyopathies','userThanos874@gmail.com'),(875,'userIppokratis875','RLG0JMW4Y','Ippokratis','James','1987-04-09',84.5,127,'Meditteranean Anemia','userIppokratis875@gmail.com'),(876,'userSully876','H4A7HQ3WW','Sully','Abdul','1981-10-09',68.5,173,'Parkinson','userSully876@gmail.com'),(877,'userAggeliki877','E8M4FCI4B','Aggeliki','Papadopoulos','1984-08-06',101.5,213,'Arthritis','userAggeliki877@gmail.com'),(878,'userGeorgina878','B83MCO7KW','Georgina','Papagiannes','2013-06-12',84.5,130,'Alzheimer','userGeorgina878@gmail.com'),(879,'userAlexa879','HBJ291K39','Alexa','Trump','2010-05-04',117.5,123,'Parkinson','userAlexa879@gmail.com'),(880,'userMichael880','PVUWJVX9B','Michael','Abdul','1989-10-10',57.5,166,'Heart Stroke','userMichael880@gmail.com'),(881,'userAli881','BVK61J95G','Ali','McGee','2012-02-15',95.5,188,'Diabetes','userAli881@gmail.com'),(882,'userPaul882','B7IR1DFE6','Paul','Curry','1985-07-15',82.5,194,'Obesity','userPaul882@gmail.com'),(883,'userErine883','QH2IX5VY1','Erine','Ippokratous','2014-02-24',109.5,198,'Alzheimer','userErine883@gmail.com'),(884,'userSully884','5WNXZF0IA','Sully','Kay','2019-03-25',115.5,181,'Heart Attacks','userSully884@gmail.com'),(885,'userMaria885','XX62ZSIWM','Maria','Jameson','1989-10-27',85.5,150,'Heart Attacks','userMaria885@gmail.com'),(886,'userGeorge886','TD7YW4GD7','George','Alvarez','2018-05-09',65.5,140,'Arthritis','userGeorge886@gmail.com'),(887,'userAli887','D949CLA6H','Ali','Ippokratous','1990-10-07',50.5,128,'Arthritis','userAli887@gmail.com'),(888,'userPat888','I1DAE1NII','Pat','Evanson','1990-09-19',63.5,215,'Alzheimer','userPat888@gmail.com'),(889,'userAggeliki889','UVLDSFRHZ','Aggeliki','Abdul','1998-01-28',112.5,196,'Overwork','userAggeliki889@gmail.com'),(890,'userSully890','GOIFWCGHR','Sully','Ramirez','2018-04-10',57.5,189,'Heart Attacks','userSully890@gmail.com'),(891,'userNick891','LN1VS1M2X','Nick','Papadopoulos','1985-05-31',83.5,205,'Meditteranean Anemia','userNick891@gmail.com'),(892,'userAli892','VHO4FTMV6','Ali','Stevenson','2002-11-29',83.5,137,'Meditteranean Anemia','userAli892@gmail.com'),(893,'userPaul893','BB0F7BEF3','Paul','Zik','2009-06-07',69.5,196,'Diabetes','userPaul893@gmail.com'),(894,'userShergey894','YPUTSDEIA','Shergey','Papagiannes','2017-06-02',81.5,138,'Anemia','userShergey894@gmail.com'),(895,'userDelilah895','JODHXNW4R','Delilah','Ippokratous','2014-09-19',47.5,199,'Alzheimer','userDelilah895@gmail.com'),(896,'userThemis896','SI7TWURLX','Themis','Papadopoulos','2011-11-30',108.5,176,'Diabetes','userThemis896@gmail.com'),(897,'userAli897','H1HMN2QAP','Ali','Stevens','1988-10-28',85.5,143,'Pericarditis','userAli897@gmail.com'),(898,'userIppokratis898','HFJA01QMZ','Ippokratis','Alvarez','2016-06-14',52.5,143,'Pericarditis','userIppokratis898@gmail.com'),(899,'userPat899','H9LPZZA9M','Pat','Papa','1992-08-06',104.5,200,'Pericarditis','userPat899@gmail.com'),(900,'userMaria900','NVUZVDF2N','Maria','Pap','2006-07-23',101.5,185,'Asthma','userMaria900@gmail.com'),(901,'userThemis901','UBV9F4EV6','Themis','Zik','2007-12-05',50.5,161,'Obesity','userThemis901@gmail.com'),(902,'userGeorge902','C9FWURWBG','George','Minos','2019-03-05',117.5,194,'Pericarditis','userGeorge902@gmail.com'),(903,'userSiri903','193R45O59','Siri','Obama','1992-09-07',55.5,177,'Cardiomyopathies','userSiri903@gmail.com'),(904,'userSiri904','QBGUVSZOI','Siri','Papagiannes','1994-03-01',119.5,211,'Anemia','userSiri904@gmail.com'),(905,'userPat905','YEY8EMEAC','Pat','Stevens','1997-12-13',48.5,172,'Heart rrhythmias','userPat905@gmail.com'),(906,'userErine906','O463RQB4K','Erine','James','1986-02-01',87.5,137,'Diabetes','userErine906@gmail.com'),(907,'userSully907','7HHUWVAGL','Sully','Abdul','2003-01-24',71.5,162,'Asthma','userSully907@gmail.com'),(908,'userMaria908','C604RVMMS','Maria','Mitsotakis','1988-10-26',58.5,167,'Arthritis','userMaria908@gmail.com'),(909,'userGeorgina909','RFDKAJA7X','Georgina','Ippokratous','2003-01-02',90.5,187,'Diabetes','userGeorgina909@gmail.com'),(910,'userMichael910','Y2BZ4JW1C','Michael','Aristotelous','1990-04-11',75.5,191,'Vascular disease','userMichael910@gmail.com'),(911,'userGeorge911','32YR77J9L','George','Mitsotakis','2018-03-18',117.5,182,'Parkinson','userGeorge911@gmail.com'),(912,'userAggeliki912','Y3DS3ZQMV','Aggeliki','Papagiannes','1985-10-31',117.5,131,'Heart Stroke','userAggeliki912@gmail.com'),(913,'userDelilah913','5VSAOUNTH','Delilah','Pap','2010-01-14',67.5,190,'Diabetes','userDelilah913@gmail.com'),(914,'userGeorge914','KCHQA88CR','George','Ippokratous','2009-04-08',82.5,180,'Heart rrhythmias','userGeorge914@gmail.com'),(915,'userMariah915','YI8V1EIJN','Mariah','Curry','2013-03-25',63.5,187,'Cardiomyopathies','userMariah915@gmail.com'),(916,'userErine916','3ZB0XT6A7','Erine','McGee','2013-04-27',91.5,177,'Parkinson','userErine916@gmail.com'),(917,'userSiri917','Y5NF02V4H','Siri','Stevens','1985-11-08',87.5,133,'Pericarditis','userSiri917@gmail.com'),(918,'userThanos918','WLGQ6JA1Q','Thanos','Minos','1995-01-21',51.5,166,'Heart Failure','userThanos918@gmail.com'),(919,'userIppokratis919','3H2F3X30T','Ippokratis','McGregor','2016-09-01',76.5,199,'Arthritis','userIppokratis919@gmail.com'),(920,'userAggeliki920','YRQQC105R','Aggeliki','Trump','1998-10-19',104.5,148,'Asthma','userAggeliki920@gmail.com'),(921,'userJohn921','XUOSO4BOO','John','Ramirez','2000-07-10',81.5,206,'Pericarditis','userJohn921@gmail.com'),(922,'userIppokratis922','SARGY364I','Ippokratis','Obama','1990-07-04',119.5,177,'Diabetes','userIppokratis922@gmail.com'),(923,'userMichael923','BV5XY44KV','Michael','Stevens','1997-11-28',53.5,206,'Parkinson','userMichael923@gmail.com'),(924,'userVaggelis924','A05X4VWVE','Vaggelis','Papa','2017-10-11',74.5,195,'Heart Attacks','userVaggelis924@gmail.com'),(925,'userMichael925','D3BZFJDS1','Michael','Ramirez','1986-06-23',72.5,141,'Obesity','userMichael925@gmail.com'),(926,'userJohn926','1LL5SSVRA','John','Brooks','2000-06-02',58.5,156,'Alzheimer','userJohn926@gmail.com'),(927,'userAristotelis927','YNAGBP6R4','Aristotelis','McGee','1998-08-22',89.5,145,'Anemia','userAristotelis927@gmail.com'),(928,'userGeorge928','HYQZMES9F','George','Evans','1993-01-24',66.5,149,'Cardiomyopathies','userGeorge928@gmail.com'),(929,'userMaria929','YHJY8PMC6','Maria','Papadopoulos','2007-09-28',103.5,206,'Asthma','userMaria929@gmail.com'),(930,'userVaggelis930','DNH87923H','Vaggelis','Aristotelous','2014-09-28',115.5,146,'Vascular disease','userVaggelis930@gmail.com'),(931,'userDimitra931','4I4RGWKJW','Dimitra','McGregor','1994-12-07',56.5,203,'Heart Failure','userDimitra931@gmail.com'),(932,'userThanos932','BCZDK2CFL','Thanos','Evans','1986-07-26',113.5,208,'Parkinson','userThanos932@gmail.com'),(933,'userThanos933','KYOD2XK5X','Thanos','Alvarez','1982-05-27',89.5,122,'Heart Attacks','userThanos933@gmail.com'),(934,'userSully934','UX1BMQU71','Sully','Jameson','2014-04-28',93.5,194,'Cardiomyopathies','userSully934@gmail.com'),(935,'userSiri935','5HJGALK91','Siri','Stevens','1986-11-01',86.5,133,'Asthma','userSiri935@gmail.com'),(936,'userGeorgina936','9136BTCEL','Georgina','Trump','1994-09-06',95.5,156,'Heart Failure','userGeorgina936@gmail.com'),(937,'userAggeliki937','2UREQXUXT','Aggeliki','Pap','1993-07-23',65.5,150,'Overwork','userAggeliki937@gmail.com'),(938,'userSiri938','Z2OQZPR8','Siri','Aristotelous','2005-07-30',100.5,174,'Heart Attacks','userSiri938@gmail.com'),(939,'userAli939','VLX0H6PKF','Ali','Jameson','1996-08-08',113.5,190,'Heart rrhythmias','userAli939@gmail.com'),(940,'userAristotelis940','3A4Z3K93B','Aristotelis','Evanson','1981-12-25',63.5,148,'Overwork','userAristotelis940@gmail.com'),(941,'userThanos941','RXLS8O3HU','Thanos','Ramirez','1989-03-29',115.5,146,'Meditteranean Anemia','userThanos941@gmail.com'),(942,'userAli942','C3UQPY7X3','Ali','Stevenson','1997-06-06',120.5,142,'Heart rrhythmias','userAli942@gmail.com'),(943,'userPaul943','UHX2EU7A5','Paul','McGee','2010-05-26',119.5,133,'Cardiomyopathies','userPaul943@gmail.com'),(944,'userPat944','VI4HXV5FB','Pat','Kay','2003-10-10',86.5,167,'Obesity','userPat944@gmail.com'),(945,'userMichael945','5U5UWIQMS','Michael','Abdul','2019-08-15',100.5,180,'Vascular disease','userMichael945@gmail.com'),(946,'userGeorge946','RLLV6Q10C','George','Evanson','2009-11-09',80.5,178,'Heart Failure','userGeorge946@gmail.com'),(947,'userDimitra947','YG058SLVR','Dimitra','James','1999-01-09',108.5,175,'Alzheimer','userDimitra947@gmail.com'),(948,'userNick948','CT8YIRVJC','Nick','Pap','1992-01-24',105.5,203,'Heart Attacks','userNick948@gmail.com'),(949,'userSiri949','70NH5KRXE','Siri','Pap','1983-07-20',91.5,142,'Heart rrhythmias','userSiri949@gmail.com'),(950,'userAli950','1XCZ28SJG','Ali','Papa','2007-06-25',67.5,168,'Vascular disease','userAli950@gmail.com'),(951,'userMariah951','2PZ11LTIG','Mariah','Evanson','1999-08-24',66.5,203,'Arthritis','userMariah951@gmail.com'),(952,'userAli952','XUFYMFU3F','Ali','Brooks','2004-11-07',81.5,142,'Alzheimer','userAli952@gmail.com'),(953,'userIppokratis953','YOMLVR566','Ippokratis','Evans','2019-06-19',111.5,153,'Asthma','userIppokratis953@gmail.com'),(954,'userAli954','U529WM555','Ali','Pap','2015-08-21',110.5,218,'Diabetes','userAli954@gmail.com'),(955,'userAristotelis955','13T44HNWX','Aristotelis','Obama','1991-02-21',66.5,134,'Heart Stroke','userAristotelis955@gmail.com'),(956,'userIppokratis956','M4C5OT1DO','Ippokratis','Papagiannes','1997-08-28',71.5,217,'Heart Stroke','userIppokratis956@gmail.com'),(957,'userGeorgina957','AN1PP5PAP','Georgina','Stevens','2008-02-03',71.5,200,'Anemia','userGeorgina957@gmail.com'),(958,'userDimitris958','7HDVD2CDU','Dimitris','Jameson','2005-12-28',83.5,167,'Overwork','userDimitris958@gmail.com'),(959,'userJohn959','ZDGFDLH1Q','John','Aristotelous','2010-02-20',83.5,196,'Heart Attacks','userJohn959@gmail.com'),(960,'userAristotelis960','WBFXFH9YD','Aristotelis','McGregor','2006-10-01',109.5,142,'Pericarditis','userAristotelis960@gmail.com'),(961,'userThanos961','65TXAC0IH','Thanos','Stevens','2014-02-23',118.5,155,'Meditteranean Anemia','userThanos961@gmail.com'),(962,'userAggeliki962','LE7YKYT33','Aggeliki','Obama','1984-01-25',105.5,137,'Vascular disease','userAggeliki962@gmail.com'),(963,'userMaria963','58NE05L44','Maria','Abdul','2019-11-07',98.5,170,'Heart rrhythmias','userMaria963@gmail.com'),(964,'userNick964','LY0EHZ6QY','Nick','Pap','1988-03-12',107.5,183,'Pericarditis','userNick964@gmail.com'),(965,'userErine965','DHP6BF2AC','Erine','Abdul','2019-03-27',91.5,219,'Asthma','userErine965@gmail.com'),(966,'userShergey966','3RZLN76H1','Shergey','Papagiannes','2014-03-26',81.5,213,'Overwork','userShergey966@gmail.com'),(967,'userNick967','CJPJNIE03','Nick','Papagiannes','1988-01-20',86.5,145,'Overwork','userNick967@gmail.com'),(968,'userSiri968','44UK4QA2T','Siri','Abdul','2009-04-04',49.5,164,'Heart Failure','userSiri968@gmail.com'),(969,'userMaria969','OC14XKRBC','Maria','Papa','2001-07-17',112.5,218,'Anemia','userMaria969@gmail.com'),(970,'userMariah970','P7VDL9WL4','Mariah','Ippokratous','2001-09-08',120.5,175,'Vascular disease','userMariah970@gmail.com'),(971,'userThemis971','MQ1DYJGLQ','Themis','Kay','1998-10-28',58.5,143,'Pericarditis','userThemis971@gmail.com'),(972,'userPaul972','IJ2BZN6YV','Paul','Aristotelous','1984-10-03',114.5,204,'Cardiomyopathies','userPaul972@gmail.com'),(973,'userGeorge973','2PW17JJH','George','Curry','1993-01-09',112.5,153,'Heart Failure','userGeorge973@gmail.com'),(974,'userMariah974','6AXE15YDA','Mariah','Ramirez','2018-09-13',110.5,140,'Heart Attacks','userMariah974@gmail.com'),(975,'userSully975','9OZ4OL1F','Sully','Papa','2008-09-04',78.5,149,'Heart Attacks','userSully975@gmail.com'),(976,'userErine976','G3MVTO7W9','Erine','Kay','1998-03-11',107.5,159,'Diabetes','userErine976@gmail.com'),(977,'userPat977','1XUKD0RB0','Pat','Stevens','2004-08-15',117.5,178,'Asthma','userPat977@gmail.com'),(978,'userErine978','M5DCAAVU7','Erine','Papa','2002-09-26',103.5,173,'Diabetes','userErine978@gmail.com'),(979,'userPaul979','LIIJQ31O5','Paul','Papadopoulos','1990-10-24',70.5,157,'Alzheimer','userPaul979@gmail.com'),(980,'userMichael980','5RXEOGW5C','Michael','Alvarez','1992-11-22',61.5,215,'Alzheimer','userMichael980@gmail.com'),(981,'userSiri981','OC9BYKTMP','Siri','Evans','1985-12-10',107.5,164,'Pericarditis','userSiri981@gmail.com'),(982,'userShergey982','TL5IAF7E3','Shergey','McGregor','2011-03-07',68.5,208,'Parkinson','userShergey982@gmail.com'),(983,'userAlexa983','DS53P4TEE','Alexa','Evans','2018-05-23',93.5,126,'Anemia','userAlexa983@gmail.com'),(984,'userDimitra984','WE6OZFZ79','Dimitra','Stevenson','2005-12-13',46.5,121,'Anemia','userDimitra984@gmail.com'),(985,'userNick985','QQ5BQR8DH','Nick','Papagiannes','2018-04-07',104.5,197,'Heart Stroke','userNick985@gmail.com'),(986,'userSully986','GHB4XXFKL','Sully','Papa','2018-02-25',86.5,176,'Heart Attacks','userSully986@gmail.com'),(987,'userSiri987','TRI9VI0RV','Siri','Stevenson','2004-09-04',72.5,181,'Obesity','userSiri987@gmail.com'),(988,'userAristotelis988','MROFW1ZUA','Aristotelis','Papadopoulos','1991-03-25',80.5,129,'Asthma','userAristotelis988@gmail.com'),(989,'userMariah989','RBEORWGL8','Mariah','Ippokratous','1992-04-06',48.5,126,'Diabetes','userMariah989@gmail.com'),(990,'userShergey990','N2LPNE10H','Shergey','Stevens','2015-12-27',107.5,199,'Obesity','userShergey990@gmail.com'),(991,'userErine991','LXINR4UE3','Erine','Georgiou','2011-03-15',76.5,160,'Meditteranean Anemia','userErine991@gmail.com'),(992,'userVaggelis992','QI2ZX5RAO','Vaggelis','Stevens','1983-03-19',89.5,126,'Diabetes','userVaggelis992@gmail.com'),(993,'userErine993','ER0LACR5W','Erine','Minos','2009-12-16',68.5,197,'Alzheimer','userErine993@gmail.com'),(994,'userDelilah994','50YYT9WVO','Delilah','Ramirez','1991-07-04',97.5,146,'Anemia','userDelilah994@gmail.com'),(995,'userSiri995','8OPN6H4AP','Siri','Jameson','2008-11-04',62.5,150,'Pericarditis','userSiri995@gmail.com'),(996,'userJohn996','DQQ7B626A','John','Mitsotakis','1993-07-17',71.5,187,'Cardiomyopathies','userJohn996@gmail.com'),(997,'userAli997','BB5B53C4A','Ali','Evanson','1996-07-16',71.5,214,'Anemia','userAli997@gmail.com'),(998,'userPat998','W6PMUFCGX','Pat','Minos','1989-07-04',107.5,190,'Asthma','userPat998@gmail.com'),(999,'userMariah999','WZZBQ62H7','Mariah','Brooks','2004-12-08',50.5,136,'Vascular disease','userMariah999@gmail.com'),(1000,'userAristotelis1000','QY8E9FXJ9','Aristotelis','McGee','1997-06-23',99.5,201,'Arthritis','userAristotelis1000@gmail.com'),(1001,'userAli1001','F3XJNE2SI','Ali','Papa','1983-02-17',103.5,215,'Anemia','userAli1001@gmail.com'),(1002,'userMichael1002','F9YF85G39','Michael','Obama','1985-11-14',105.5,153,'Pericarditis','userMichael1002@gmail.com'),(1003,'userErine1003','PGRTHHUO','Erine','Kay','2004-02-05',49.5,127,'Heart rrhythmias','userErine1003@gmail.com'),(1004,'userVaggelis1004','J0KNVJBHI','Vaggelis','Abdul','1983-12-09',109.5,162,'Cardiomyopathies','userVaggelis1004@gmail.com'),(1005,'userPat1005','YO5LISSWV','Pat','Papa','1997-02-08',63.5,163,'Diabetes','userPat1005@gmail.com'),(1006,'userSiri1006','R59UYYU2V','Siri','Minos','1984-02-08',93.5,158,'Asthma','userSiri1006@gmail.com'),(1007,'userAristotelis1007','HWI1P57LS','Aristotelis','Stevenson','1997-10-02',55.5,218,'Vascular disease','userAristotelis1007@gmail.com'),(1008,'userThemis1008','VUE27EREJ','Themis','Papadopoulos','2008-03-31',47.5,142,'Alzheimer','userThemis1008@gmail.com'),(1009,'userMariah1009','5ZMGBAFJ1','Mariah','Zik','1991-08-30',100.5,165,'Alzheimer','userMariah1009@gmail.com'),(1010,'userMichael1010','Q1859JIBZ','Michael','Evans','2019-01-30',99.5,175,'Pericarditis','userMichael1010@gmail.com'),(1011,'userErine1011','D88FOOV43','Erine','Abdul','1984-10-16',85.5,211,'Obesity','userErine1011@gmail.com'),(1012,'userAristotelis1012','U3WI7L8VR','Aristotelis','Papagiannes','1987-04-20',74.5,161,'Meditteranean Anemia','userAristotelis1012@gmail.com'),(1013,'userMaria1013','74RSX2QMM','Maria','Evanson','2017-08-31',104.5,192,'Pericarditis','userMaria1013@gmail.com'),(1014,'userGeorgina1014','W11D3UTF6','Georgina','Ippokratous','2008-10-27',116.5,203,'Parkinson','userGeorgina1014@gmail.com'),(1015,'userGeorge1015','FH5X7CWQ1','George','Brooks','1987-04-19',66.5,203,'Heart Failure','userGeorge1015@gmail.com'),(1016,'userIppokratis1016','K9QGLIVRN','Ippokratis','Papagiannes','1982-10-15',90.5,129,'Arthritis','userIppokratis1016@gmail.com'),(1017,'userGeorgina1017','QG7E21FTT','Georgina','Brooks','1981-08-30',93.5,140,'Cardiomyopathies','userGeorgina1017@gmail.com'),(1018,'userNick1018','YR3SSDW59','Nick','McGregor','1987-05-08',84.5,127,'Diabetes','userNick1018@gmail.com'),(1019,'userAggeliki1019','7WW206SUR','Aggeliki','Stevenson','1994-12-28',83.5,181,'Pericarditis','userAggeliki1019@gmail.com'),(1020,'userShergey1020','WFIPFUOYM','Shergey','James','1991-10-09',115.5,164,'Arthritis','userShergey1020@gmail.com'),(1021,'userSully1021','IQTBLLPDL','Sully','Papagiannes','2007-08-26',53.5,179,'Anemia','userSully1021@gmail.com'),(1022,'userMariah1022','KCYIG92B0','Mariah','Minos','1997-04-19',92.5,154,'Heart Stroke','userMariah1022@gmail.com'),(1023,'userPaul1023','DN39OXYBE','Paul','Evans','2007-04-15',64.5,147,'Heart Stroke','userPaul1023@gmail.com'),(1024,'userAggeliki1024','FR7OK8CQ5','Aggeliki','Stevenson','1990-09-18',76.5,198,'Meditteranean Anemia','userAggeliki1024@gmail.com'),(1025,'userThemis1025','KXL85TLVR','Themis','Papa','1997-08-01',69.5,205,'Overwork','userThemis1025@gmail.com'),(1026,'userSiri1026','59U13PXMD','Siri','Abdul','1999-07-17',85.5,129,'Pericarditis','userSiri1026@gmail.com'),(1027,'userNick1027','BAYNA99X7','Nick','Georgiou','1991-05-16',80.5,131,'Heart Attacks','userNick1027@gmail.com'),(1028,'userThemis1028','YLVN00RO9','Themis','Stevens','1987-10-26',77.5,182,'Diabetes','userThemis1028@gmail.com'),(1029,'userSully1029','FK3J1PKZW','Sully','Papagiannes','2001-04-24',93.5,192,'Cardiomyopathies','userSully1029@gmail.com'),(1030,'userNick1030','3YFID50NB','Nick','Ippokratous','1984-04-11',96.5,180,'Parkinson','userNick1030@gmail.com'),(1031,'userDimitris1031','B9A6TH53X','Dimitris','Abdul','2018-11-17',112.5,157,'Meditteranean Anemia','userDimitris1031@gmail.com'),(1032,'userDimitris1032','K90MBNPZP','Dimitris','Evanson','1992-07-28',58.5,196,'Obesity','userDimitris1032@gmail.com'),(1033,'userDimitra1033','3RO505AJE','Dimitra','Ippokratous','2016-07-26',79.5,124,'Diabetes','userDimitra1033@gmail.com'),(1034,'userPaul1034','7GEU6OUNW','Paul','Curry','2006-08-26',103.5,199,'Heart Stroke','userPaul1034@gmail.com'),(1035,'userSiri1035','Z1QCQSWUG','Siri','Alvarez','2011-12-08',51.5,197,'Meditteranean Anemia','userSiri1035@gmail.com'),(1036,'userPat1036','QETO2MMBO','Pat','Zik','2002-04-13',76.5,192,'Vascular disease','userPat1036@gmail.com'),(1037,'userErine1037','TZYVN3ZUU','Erine','Jameson','1991-09-12',98.5,149,'Heart Failure','userErine1037@gmail.com'),(1038,'userSiri1038','HSLFP2HXQ','Siri','Brooks','2008-12-10',69.5,198,'Parkinson','userSiri1038@gmail.com'),(1039,'userShergey1039','PR2UH0T4Y','Shergey','McGee','2015-02-27',83.5,138,'Meditteranean Anemia','userShergey1039@gmail.com'),(1040,'userMariah1040','K9F6LQDDV','Mariah','Mitsotakis','1982-04-08',47.5,142,'Alzheimer','userMariah1040@gmail.com'),(1041,'userDimitris1041','XIB1AIOL','Dimitris','McGee','1991-06-14',105.5,197,'Overwork','userDimitris1041@gmail.com'),(1042,'userDelilah1042','48M0VWCAF','Delilah','Mitsotakis','1999-04-04',93.5,177,'Obesity','userDelilah1042@gmail.com'),(1043,'userShergey1043','W4RP72LB','Shergey','Brooks','1991-11-05',74.5,192,'Parkinson','userShergey1043@gmail.com'),(1044,'userMariah1044','XN9RA9PSA','Mariah','Jameson','2006-05-05',91.5,219,'Anemia','userMariah1044@gmail.com'),(1045,'userMichael1045','WGCCFHW6L','Michael','Stevens','1984-04-14',81.5,183,'Pericarditis','userMichael1045@gmail.com'),(1046,'userDimitris1046','92ZA3GVQM','Dimitris','Jameson','2013-07-22',116.5,143,'Parkinson','userDimitris1046@gmail.com'),(1047,'userMichael1047','Z9IKGF450','Michael','Minos','1996-03-13',78.5,156,'Heart Stroke','userMichael1047@gmail.com'),(1048,'userNick1048','IPPKG9CO5','Nick','Minos','1985-04-25',46.5,161,'Pericarditis','userNick1048@gmail.com'),(1049,'userAristotelis1049','M6ZDSWHZM','Aristotelis','Ippokratous','2012-03-01',94.5,186,'Heart Failure','userAristotelis1049@gmail.com'),(1050,'userVaggelis1050','MVLT5GIYZ','Vaggelis','Evans','2010-04-05',81.5,182,'Anemia','userVaggelis1050@gmail.com'),(1051,'userMichael1051','SP1XD358G','Michael','Abdul','2000-12-09',49.5,202,'Obesity','userMichael1051@gmail.com'),(1052,'userMichael1052','1RFARP2K6','Michael','Evans','1995-06-04',66.5,171,'Cardiomyopathies','userMichael1052@gmail.com'),(1053,'userMichael1053','8GO4G4VS1','Michael','Papagiannes','2015-06-23',117.5,159,'Vascular disease','userMichael1053@gmail.com'),(1054,'userAlexa1054','H8DSB3H4Y','Alexa','Alvarez','1985-07-08',110.5,180,'Heart Failure','userAlexa1054@gmail.com'),(1055,'userShergey1055','U6GVBUBPC','Shergey','Pap','2018-07-04',54.5,169,'Heart rrhythmias','userShergey1055@gmail.com'),(1056,'userGeorgina1056','CNJB7NC3C','Georgina','Abdul','1994-12-13',85.5,191,'Heart Failure','userGeorgina1056@gmail.com'),(1057,'userSully1057','XF7J9GQK5','Sully','Papa','2004-09-10',77.5,212,'Alzheimer','userSully1057@gmail.com'),(1058,'userSiri1058','SUG463GEG','Siri','Kay','2008-08-21',50.5,165,'Diabetes','userSiri1058@gmail.com'),(1059,'userDimitris1059','XER5UWZ9G','Dimitris','Mitsotakis','1995-12-25',46.5,140,'Vascular disease','userDimitris1059@gmail.com'),(1060,'userIppokratis1060','8KPC6N1YW','Ippokratis','Mitsotakis','1988-10-20',60.5,181,'Vascular disease','userIppokratis1060@gmail.com'),(1061,'userPat1061','PSJAIUC8M','Pat','Obama','1997-09-03',84.5,204,'Pericarditis','userPat1061@gmail.com'),(1062,'userThemis1062','FUFAMK0Z6','Themis','Pap','1984-03-11',52.5,189,'Alzheimer','userThemis1062@gmail.com'),(1063,'userDimitris1063','6K7FJX88M','Dimitris','Trump','2012-06-15',120.5,158,'Alzheimer','userDimitris1063@gmail.com'),(1064,'userVaggelis1064','KOAM7HFVI','Vaggelis','Alvarez','2019-01-11',103.5,201,'Heart rrhythmias','userVaggelis1064@gmail.com'),(1065,'userVaggelis1065','JZKCEJQ12','Vaggelis','Zik','2014-12-20',110.5,214,'Parkinson','userVaggelis1065@gmail.com'),(1066,'userDimitra1066','AYJEBNNQ7','Dimitra','McGee','1986-11-01',115.5,125,'Heart Stroke','userDimitra1066@gmail.com'),(1067,'userMichael1067','3FFNQW43C','Michael','Papa','2013-03-25',99.5,125,'Asthma','userMichael1067@gmail.com'),(1068,'userAli1068','VZYH44JAG','Ali','Minos','2003-11-26',70.5,159,'Cardiomyopathies','userAli1068@gmail.com'),(1069,'userDimitris1069','JK13WBYZA','Dimitris','Curry','1990-07-20',59.5,182,'Anemia','userDimitris1069@gmail.com'),(1070,'userAristotelis1070','8F5VP16RV','Aristotelis','Obama','2002-06-20',78.5,207,'Heart rrhythmias','userAristotelis1070@gmail.com'),(1071,'userSully1071','4KGRKAKZ9','Sully','Jameson','1983-07-03',45.5,137,'Heart rrhythmias','userSully1071@gmail.com'),(1072,'userMichael1072','RGIB1CLNP','Michael','Brooks','2002-03-17',92.5,196,'Heart rrhythmias','userMichael1072@gmail.com'),(1073,'userAli1073','QW5SGTR28','Ali','Aristotelous','2017-12-25',81.5,146,'Heart Stroke','userAli1073@gmail.com'),(1074,'userAristotelis1074','4NH14PTSQ','Aristotelis','Evanson','2011-01-19',120.5,149,'Heart rrhythmias','userAristotelis1074@gmail.com'),(1075,'userIppokratis1075','IOK32AOAN','Ippokratis','Georgiou','1997-02-02',80.5,172,'Heart rrhythmias','userIppokratis1075@gmail.com'),(1076,'userAristotelis1076','2391UADCL','Aristotelis','Pap','1992-11-14',74.5,205,'Asthma','userAristotelis1076@gmail.com'),(1077,'userGeorge1077','YY7NIPMUE','George','Curry','1985-08-09',76.5,161,'Parkinson','userGeorge1077@gmail.com'),(1078,'userSiri1078','DWBA2874Y','Siri','Papa','1993-08-27',113.5,167,'Vascular disease','userSiri1078@gmail.com'),(1079,'userMaria1079','YU401IX9Z','Maria','Jameson','2010-02-18',73.5,133,'Overwork','userMaria1079@gmail.com'),(1080,'userMichael1080','1IC8ZQ4H5','Michael','Aristotelous','2008-04-18',76.5,135,'Heart Attacks','userMichael1080@gmail.com'),(1081,'userMichael1081','8PMZJKPX6','Michael','Jameson','1984-07-25',47.5,158,'Heart Failure','userMichael1081@gmail.com'),(1082,'userThemis1082','C37OU3YLF','Themis','Ippokratous','1988-01-01',120.5,168,'Heart Failure','userThemis1082@gmail.com'),(1083,'userIppokratis1083','6UZD147CP','Ippokratis','Evans','2019-06-16',89.5,207,'Meditteranean Anemia','userIppokratis1083@gmail.com'),(1084,'userVaggelis1084','9ORS0R0U6','Vaggelis','Alvarez','2008-11-12',92.5,148,'Heart rrhythmias','userVaggelis1084@gmail.com'),(1085,'userAli1085','KFJXTCHB8','Ali','McGregor','1995-08-28',79.5,156,'Pericarditis','userAli1085@gmail.com'),(1086,'userAli1086','7BGQN5NXH','Ali','Pap','1998-02-02',81.5,192,'Cardiomyopathies','userAli1086@gmail.com'),(1087,'userDelilah1087','2X7AMM8EG','Delilah','Aristotelous','2012-11-03',80.5,196,'Alzheimer','userDelilah1087@gmail.com'),(1088,'userNick1088','F5KTCD714','Nick','Aristotelous','2017-06-13',64.5,130,'Pericarditis','userNick1088@gmail.com'),(1089,'userPat1089','S3H82T23F','Pat','Papagiannes','1990-08-09',96.5,128,'Cardiomyopathies','userPat1089@gmail.com'),(1090,'userMichael1090','OJVQNXSWH','Michael','Pap','1982-05-14',107.5,139,'Arthritis','userMichael1090@gmail.com'),(1091,'userAli1091','KD1OB4A1V','Ali','Papagiannes','1995-06-14',113.5,177,'Obesity','userAli1091@gmail.com'),(1092,'userAggeliki1092','QFS4SX95N','Aggeliki','Evans','1998-08-14',84.5,213,'Cardiomyopathies','userAggeliki1092@gmail.com'),(1093,'userDimitra1093','RIM9QMGAW','Dimitra','McGee','2000-01-03',101.5,138,'Heart Failure','userDimitra1093@gmail.com'),(1094,'userAli1094','GG902BBXT','Ali','Jameson','2012-07-05',94.5,185,'Cardiomyopathies','userAli1094@gmail.com'),(1095,'userAli1095','8XV5T9TCG','Ali','Ramirez','1986-05-25',62.5,174,'Alzheimer','userAli1095@gmail.com'),(1096,'userGeorge1096','F06P6EA5D','George','Papadopoulos','2016-12-20',102.5,173,'Parkinson','userGeorge1096@gmail.com'),(1097,'userAli1097','I4MP8NA6G','Ali','Jameson','2014-03-08',100.5,137,'Heart Failure','userAli1097@gmail.com'),(1098,'userMaria1098','T5LRLYWQW','Maria','Minos','1990-04-25',84.5,149,'Heart Attacks','userMaria1098@gmail.com'),(1099,'userAli1099','K5FHFXOZI','Ali','McGee','2012-03-07',72.5,142,'Asthma','userAli1099@gmail.com'),(1100,'userMaria1100','L37UA98XM','Maria','Obama','1993-04-29',103.5,194,'Heart Attacks','userMaria1100@gmail.com'),(1101,'userIppokratis1101','48JSSQNRG','Ippokratis','Pap','2015-08-31',118.5,171,'Meditteranean Anemia','userIppokratis1101@gmail.com'),(1102,'userJohn1102','4VBM5WMCL','John','Papadopoulos','2007-12-26',85.5,193,'Asthma','userJohn1102@gmail.com'),(1103,'userPat1103','6U2PKSAOY','Pat','Aristotelous','1995-09-09',95.5,163,'Alzheimer','userPat1103@gmail.com'),(1104,'userAlexa1104','JJL5XNLB','Alexa','James','2004-06-19',52.5,147,'Asthma','userAlexa1104@gmail.com'),(1105,'userJohn1105','LA8WWJE7S','John','Abdul','2002-02-01',106.5,182,'Heart Stroke','userJohn1105@gmail.com'),(1106,'userGeorgina1106','HPSEK9UEW','Georgina','McGee','1994-07-09',100.5,184,'Asthma','userGeorgina1106@gmail.com'),(1107,'userVaggelis1107','T2G1Z62MQ','Vaggelis','McGee','2018-07-02',85.5,172,'Alzheimer','userVaggelis1107@gmail.com'),(1108,'userPat1108','6ETP6PSTZ','Pat','Ramirez','2015-04-26',75.5,187,'Asthma','userPat1108@gmail.com'),(1109,'userIppokratis1109','O9PE31MBX','Ippokratis','Obama','1997-08-11',75.5,143,'Obesity','userIppokratis1109@gmail.com'),(1110,'userThanos1110','FJ3VEMA2M','Thanos','Jameson','1983-12-08',107.5,149,'Heart Stroke','userThanos1110@gmail.com'),(1111,'userSiri1111','N80RBT49W','Siri','McGregor','2006-10-24',51.5,159,'Cardiomyopathies','userSiri1111@gmail.com'),(1112,'userDimitra1112','BY427WPFB','Dimitra','Mitsotakis','2018-12-14',51.5,156,'Arthritis','userDimitra1112@gmail.com'),(1113,'userNick1113','G244FF5LH','Nick','McGregor','2011-10-10',115.5,120,'Alzheimer','userNick1113@gmail.com'),(1114,'userAli1114','SHMESXHV9','Ali','Pap','1998-01-10',45.5,152,'Meditteranean Anemia','userAli1114@gmail.com'),(1115,'userAggeliki1115','XCE15UIUI','Aggeliki','Alvarez','2005-05-18',113.5,156,'Overwork','userAggeliki1115@gmail.com'),(1116,'userIppokratis1116','XXMVL0AUU','Ippokratis','Evanson','1991-08-08',72.5,176,'Diabetes','userIppokratis1116@gmail.com'),(1117,'userNick1117','QMROG0WUF','Nick','Zik','1981-09-12',105.5,217,'Heart Attacks','userNick1117@gmail.com'),(1118,'userAristotelis1118','7SCBTXJTE','Aristotelis','Ippokratous','1987-08-29',71.5,140,'Meditteranean Anemia','userAristotelis1118@gmail.com'),(1119,'userMaria1119','TDUGR4SNU','Maria','Evans','2010-07-20',72.5,130,'Parkinson','userMaria1119@gmail.com'),(1120,'userPaul1120','SKTVGMOX6','Paul','Papadopoulos','2017-07-10',71.5,176,'Arthritis','userPaul1120@gmail.com');
/*!40000 ALTER TABLE `user` ENABLE KEYS */;
UNLOCK TABLES;

--
-- Temporary table structure for view `user_devices`
--

DROP TABLE IF EXISTS `user_devices`;
/*!50001 DROP VIEW IF EXISTS `user_devices`*/;
SET @saved_cs_client     = @@character_set_client;
SET character_set_client = utf8;
/*!50001 CREATE TABLE `user_devices` (
  `username` tinyint NOT NULL,
  `name` tinyint NOT NULL,
  `version` tinyint NOT NULL,
  `type` tinyint NOT NULL
) ENGINE=MyISAM */;
SET character_set_client = @saved_cs_client;

--
-- Table structure for table `user_wears_device`
--

DROP TABLE IF EXISTS `user_wears_device`;
/*!40101 SET @saved_cs_client     = @@character_set_client */;
/*!40101 SET character_set_client = utf8 */;
CREATE TABLE `user_wears_device` (
  `user_id` int(11) NOT NULL,
  `device_id` int(11) NOT NULL,
  PRIMARY KEY (`user_id`,`device_id`),
  KEY `device_id_idx` (`device_id`),
  CONSTRAINT `fkuwd_device_id` FOREIGN KEY (`device_id`) REFERENCES `device` (`device_id`) ON DELETE NO ACTION ON UPDATE NO ACTION,
  CONSTRAINT `fkuwd_user_id` FOREIGN KEY (`user_id`) REFERENCES `user` (`user_id`) ON DELETE NO ACTION ON UPDATE NO ACTION
) ENGINE=InnoDB DEFAULT CHARSET=utf8;
/*!40101 SET character_set_client = @saved_cs_client */;

--
-- Dumping data for table `user_wears_device`
--

LOCK TABLES `user_wears_device` WRITE;
/*!40000 ALTER TABLE `user_wears_device` DISABLE KEYS */;
INSERT INTO `user_wears_device` VALUES (1,4),(1,8),(1,25),(2,9),(2,10),(2,15),(2,21),(2,22),(3,16),(3,17),(3,25),(4,7),(4,8),(4,22),(5,2),(5,3),(5,10),(6,2),(6,18),(7,8),(7,16),(7,17),(8,6),(8,9),(8,17),(8,29),(9,1),(9,3),(9,16),(10,1),(10,16),(10,17),(11,1),(11,2),(11,8),(12,6),(12,14),(12,15),(13,4),(13,6),(13,8),(13,18),(14,6),(14,7),(14,9),(15,1),(15,7),(16,9),(16,10),(17,5),(18,6),(18,14),(18,15),(19,9),(19,10),(19,16),(20,7),(20,10),(20,15),(21,2),(21,14),(21,16),(22,15),(22,16),(22,17),(22,18),(23,6),(23,7),(24,6),(24,14),(24,17),(24,18),(25,2),(25,7),(25,14),(26,6),(26,14),(26,18),(26,27),(27,1),(27,4),(27,17),(28,6),(28,9),(28,18),(29,2),(29,3),(29,14),(29,16),(29,29),(30,8),(30,10),(30,15),(31,2),(31,3),(31,10),(32,1),(32,5),(32,9),(32,10),(33,5),(33,6),(33,16),(34,4),(34,10),(34,16),(34,18),(35,14),(35,16),(35,19),(36,5),(36,14),(36,18),(37,7),(37,9),(37,10),(38,4),(38,15),(39,8),(39,16),(39,18),(40,7),(40,8),(41,4),(41,12),(41,18),(42,1),(42,14),(42,15),(43,2),(43,15),(43,17),(44,6),(44,17),(45,3),(45,10),(46,7),(46,18),(46,26),(47,6),(47,8),(47,25),(48,9),(48,17),(49,3),(49,6),(49,17),(50,1),(50,6),(51,7),(51,14),(51,22),(52,1),(52,2),(53,8),(53,15),(54,5),(54,6),(54,14),(55,2),(55,9),(56,3),(56,16),(57,2),(57,17),(58,7),(58,9),(58,14),(59,1),(59,15),(59,16),(60,10),(60,17),(61,9),(61,14),(61,27),(61,28),(62,4),(62,17),(63,5),(63,18),(64,6),(64,8),(65,8),(65,15),(65,18),(66,18),(67,5),(68,4),(68,6),(68,9),(69,1),(69,16),(70,1),(70,5),(71,7),(71,8),(72,1),(72,5),(73,3),(73,15),(73,24),(73,27),(74,8),(74,18),(75,8),(75,18),(76,1),(76,3),(77,1),(77,6),(77,7),(77,21),(77,27),(77,28),(78,3),(78,7),(79,4),(79,8),(80,7),(80,17),(80,28),(81,2),(81,8),(82,1),(82,14),(83,3),(83,15),(84,6),(84,14),(85,10),(85,16),(86,4),(86,15),(87,1),(87,15),(88,3),(88,9),(89,1),(89,16),(90,3),(90,16),(90,18),(91,3),(91,7),(92,10),(92,17),(93,6),(93,18),(94,5),(94,16),(94,17),(95,5),(95,6),(95,19),(96,1),(96,9),(97,5),(97,8),(97,16),(98,3),(98,16),(99,9),(99,18),(100,2),(100,7),(100,15),(100,18),(101,7),(101,16),(102,12),(102,17),(103,1),(103,15),(103,17),(104,2),(104,10),(104,22),(105,5),(105,16),(105,19),(106,5),(106,14),(106,21),(106,22),(107,5),(107,10),(108,2),(108,15),(109,5),(109,10),(110,4),(110,16),(111,2),(111,6),(111,14),(112,4),(112,16),(112,22),(112,28),(113,2),(113,18),(114,1),(114,2),(115,5),(115,15),(116,14),(116,16),(117,14),(118,10),(118,16),(118,24),(118,26),(119,5),(119,6),(119,18),(120,5),(120,18),(121,6),(121,9),(121,22),(121,23),(122,4),(122,7),(122,19),(123,4),(123,7),(124,1),(124,4),(125,5),(125,7),(126,3),(126,7),(127,7),(127,9),(127,22),(128,1),(128,9),(129,2),(129,4),(130,5),(130,10),(131,8),(131,17),(132,17),(132,18),(133,3),(133,7),(134,1),(134,17),(135,7),(135,8),(135,19),(136,3),(136,18),(137,5),(137,17),(137,20),(138,2),(138,18),(139,1),(139,4),(140,2),(140,16),(141,7),(141,18),(142,10),(142,16),(143,2),(143,10),(143,17),(144,5),(145,8),(145,17),(145,27),(146,7),(146,8),(147,2),(147,8),(147,9),(148,4),(148,17),(149,6),(149,11),(149,15),(150,1),(150,9),(151,2),(151,14),(152,7),(152,16),(153,7),(153,16),(153,17),(154,3),(154,4),(155,7),(155,11),(155,14),(156,6),(156,17),(157,6),(157,9),(158,7),(158,10),(159,1),(159,4),(159,7),(159,24),(160,8),(160,16),(161,6),(161,10),(162,9),(162,17),(163,4),(163,7),(164,2),(164,4),(165,3),(165,4),(166,9),(166,10),(166,17),(167,8),(167,9),(168,10),(168,15),(169,14),(170,2),(170,4),(171,9),(171,18),(172,14),(172,16),(173,4),(173,5),(174,9),(174,14),(174,16),(175,2),(175,3),(175,18),(176,1),(176,6),(177,4),(177,16),(178,4),(178,9),(179,3),(179,16),(179,20),(179,22),(180,5),(180,6),(181,1),(181,4),(181,5),(182,3),(182,4),(183,1),(183,17),(184,3),(184,15),(184,23),(184,27),(185,2),(185,6),(185,15),(186,6),(186,9),(186,22),(186,27),(186,28),(187,2),(187,10),(188,3),(188,5),(188,7),(189,3),(189,17),(190,2),(190,10),(191,14),(192,5),(192,16),(193,3),(193,6),(194,7),(195,8),(195,15),(196,5),(196,6),(196,15),(197,1),(197,15),(198,14),(198,15),(199,10),(199,16),(199,29),(200,5),(200,6),(200,9),(200,16),(201,3),(201,9),(202,7),(202,9),(202,20),(203,1),(203,7),(203,23),(203,27),(203,29),(204,6),(204,8),(204,14),(205,4),(205,6),(205,8),(206,1),(206,9),(206,14),(206,26),(207,3),(207,17),(208,5),(208,6),(208,23),(209,6),(209,14),(210,3),(210,13),(210,16),(211,9),(211,17),(212,7),(212,14),(213,4),(213,14),(214,9),(214,14),(214,21),(214,29),(215,6),(215,14),(216,2),(216,6),(216,16),(217,4),(217,10),(218,16),(218,18),(219,4),(219,5),(219,14),(219,16),(220,2),(220,18),(221,5),(221,7),(221,15),(222,1),(222,14),(223,6),(223,7),(223,17),(224,7),(224,10),(225,4),(225,7),(225,17),(225,18),(226,15),(226,16),(227,2),(227,15),(228,14),(228,17),(229,3),(229,18),(230,9),(230,17),(231,6),(231,15),(232,3),(232,5),(232,16),(233,3),(233,16),(233,23),(233,25),(233,27),(233,29),(234,4),(234,16),(234,18),(235,7),(235,8),(235,20),(235,21),(235,24),(235,28),(236,7),(236,10),(236,23),(236,25),(236,26),(236,28),(237,2),(237,3),(237,23),(237,27),(238,5),(238,6),(239,15),(239,16),(240,3),(240,5),(241,8),(241,10),(242,5),(242,7),(242,15),(242,17),(243,4),(243,14),(244,7),(244,17),(245,1),(245,10),(245,18),(246,9),(246,10),(247,1),(247,18),(248,2),(248,7),(248,14),(249,10),(249,17),(250,4),(250,8),(250,15),(250,16),(250,29),(251,1),(251,10),(252,5),(252,17),(253,3),(253,6),(254,2),(254,8),(255,5),(256,5),(256,6),(256,8),(256,11),(256,16),(257,2),(257,4),(258,4),(258,16),(259,14),(259,16),(260,1),(260,6),(261,1),(261,17),(262,17),(262,18),(263,5),(263,9),(264,14),(264,18),(265,1),(265,10),(265,17),(266,2),(266,4),(267,9),(267,10),(268,4),(268,18),(269,9),(269,14),(270,10),(270,15),(271,2),(271,7),(271,14),(271,19),(272,10),(272,14),(273,2),(273,3),(274,5),(274,17),(275,16),(275,17),(275,24),(276,5),(276,7),(277,1),(277,16),(277,21),(277,24),(278,5),(278,15),(279,1),(279,15),(279,16),(280,1),(280,4),(280,20),(281,14),(281,17),(282,1),(282,2),(282,28),(283,14),(283,18),(284,4),(284,15),(285,4),(285,15),(286,2),(286,5),(287,6),(287,18),(288,5),(288,16),(289,7),(289,8),(289,16),(290,6),(290,9),(290,14),(291,9),(291,18),(292,6),(293,2),(293,3),(293,18),(294,5),(294,14),(294,15),(295,9),(295,14),(296,2),(296,4),(297,3),(297,14),(298,5),(298,8),(299,5),(299,15),(300,1),(300,2),(300,4),(301,7),(301,9),(301,16),(302,5),(302,6),(303,2),(303,10),(304,1),(304,3),(304,17),(305,8),(305,18),(306,10),(306,15),(306,19),(307,15),(307,16),(308,16),(308,17),(309,3),(309,5),(310,5),(310,10),(311,2),(311,17),(312,7),(312,17),(313,14),(313,17),(314,10),(314,16),(315,2),(315,6),(315,8),(316,5),(316,7),(316,14),(317,2),(317,8),(318,5),(318,15),(319,5),(319,6),(319,17),(320,2),(320,5),(320,9),(321,4),(321,9),(321,23),(321,24),(322,1),(322,7),(323,9),(323,16),(324,5),(324,17),(325,3),(325,14),(326,1),(326,15),(327,15),(327,17),(328,8),(328,14),(329,1),(329,15),(330,1),(330,2),(331,4),(331,14),(332,9),(332,10),(333,2),(333,17),(334,2),(334,10),(335,1),(335,16),(336,3),(336,15),(337,1),(337,3),(338,4),(338,8),(338,9),(338,27),(338,29),(339,3),(339,15),(339,25),(340,7),(340,18),(340,20),(341,3),(341,9),(342,14),(342,15),(343,1),(343,14),(343,17),(344,17),(345,10),(345,16),(346,2),(346,17),(347,2),(347,10),(348,16),(348,18),(349,17),(349,18),(350,1),(350,6),(350,19),(351,2),(351,8),(352,3),(352,5),(352,6),(352,25),(353,5),(353,10),(353,14),(354,2),(354,4),(354,5),(355,8),(355,9),(355,18),(356,3),(356,14),(357,8),(357,14),(358,5),(358,16),(359,10),(359,16),(360,5),(360,18),(361,1),(361,9),(362,6),(362,9),(363,1),(363,15),(364,7),(364,18),(365,1),(365,2),(365,7),(365,20),(366,5),(366,6),(367,3),(367,14),(368,10),(368,17),(369,5),(369,7),(369,18),(370,16),(370,18),(371,1),(371,18),(372,4),(372,14),(373,1),(373,7),(373,15),(374,7),(374,8),(375,7),(375,10),(375,15),(376,1),(376,7),(377,8),(377,10),(378,10),(378,15),(379,3),(379,17),(380,8),(380,14),(380,21),(380,23),(381,3),(381,18),(381,19),(382,6),(382,8),(383,8),(383,15),(384,4),(384,16),(385,8),(385,10),(385,14),(385,17),(386,7),(386,17),(387,1),(387,10),(388,3),(388,14),(389,1),(389,9),(390,4),(390,7),(391,5),(391,10),(392,5),(392,6),(392,7),(393,2),(393,3),(393,16),(394,7),(394,10),(394,22),(395,2),(395,17),(396,5),(396,6),(397,15),(397,17),(398,7),(398,10),(398,17),(399,8),(399,9),(400,2),(400,18),(401,3),(401,16),(402,5),(402,8),(403,2),(403,16),(404,6),(404,9),(405,4),(405,9),(406,1),(406,4),(407,14),(407,17),(408,2),(408,9),(409,6),(409,7),(409,14),(410,10),(410,17),(411,4),(411,18),(412,14),(412,18),(413,4),(413,18),(414,4),(414,14),(415,15),(415,17),(416,1),(416,3),(416,5),(416,22),(417,2),(417,4),(418,6),(418,7),(419,3),(419,7),(420,7),(420,14),(421,1),(421,8),(421,11),(422,6),(422,8),(422,9),(423,4),(423,18),(424,2),(424,14),(424,25),(425,4),(425,7),(426,6),(426,8),(426,19),(427,2),(427,8),(428,6),(428,7),(429,1),(429,16),(430,10),(430,17),(431,16),(432,2),(432,4),(433,14),(433,18),(434,6),(434,10),(435,8),(435,16),(435,22),(435,23),(436,1),(436,15),(436,18),(437,2),(437,8),(437,9),(437,22),(438,5),(438,7),(438,9),(439,3),(439,6),(439,7),(440,1),(440,4),(441,8),(441,15),(442,2),(442,16),(443,7),(443,8),(444,15),(444,18),(444,23),(444,28),(445,9),(445,14),(445,16),(445,20),(446,5),(446,16),(447,6),(447,14),(448,6),(448,14),(448,16),(449,4),(449,14),(449,17),(450,5),(450,17),(451,3),(451,4),(452,1),(452,7),(453,14),(453,15),(454,6),(454,16),(455,3),(455,16),(456,2),(456,3),(456,6),(457,3),(457,5),(457,14),(457,18),(458,6),(458,10),(459,2),(459,9),(460,2),(460,17),(461,2),(461,4),(462,5),(462,8),(462,22),(462,25),(463,4),(463,16),(464,2),(464,14),(464,18),(464,26),(465,2),(465,3),(465,17),(465,20),(466,4),(466,9),(467,1),(468,3),(469,8),(469,14),(469,15),(470,3),(470,4),(471,2),(471,15),(472,8),(472,17),(473,14),(473,17),(473,29),(474,1),(474,2),(474,9),(474,10),(474,18),(475,14),(475,16),(476,1),(476,3),(477,2),(477,3),(477,6),(477,9),(478,4),(478,8),(479,9),(479,10),(479,16),(479,17),(480,2),(480,16),(481,2),(481,16),(481,17),(482,16),(482,17),(482,22),(483,17),(483,18),(484,3),(484,5),(485,4),(485,8),(485,16),(486,1),(486,14),(487,2),(487,15),(488,1),(488,8),(488,9),(488,14),(489,4),(489,8),(489,17),(490,4),(490,15),(491,1),(491,5),(491,6),(492,14),(492,15),(493,9),(493,15),(494,2),(494,9),(494,10),(495,2),(495,5),(496,1),(496,2),(497,2),(497,8),(498,3),(498,16),(499,1),(499,18),(500,5),(500,14),(501,5),(501,14),(501,16),(501,22),(501,26),(501,28),(502,8),(502,9),(502,15),(502,26),(503,6),(503,18),(504,6),(504,14),(505,15),(505,18),(506,4),(506,5),(506,17),(507,15),(508,3),(508,16),(509,7),(509,8),(510,2),(510,6),(510,17),(510,23),(510,28),(511,1),(511,9),(512,4),(512,7),(513,16),(513,17),(514,2),(514,7),(515,14),(515,18),(515,22),(515,26),(516,14),(516,15),(516,16),(517,1),(517,5),(517,16),(518,4),(518,7),(519,3),(519,4),(520,9),(520,14),(521,2),(521,5),(521,29),(522,5),(522,6),(523,7),(523,14),(524,2),(524,4),(525,10),(525,14),(525,23),(526,8),(526,15),(527,2),(527,18),(528,6),(528,15),(529,6),(529,18),(530,2),(530,3),(531,13),(531,16),(531,17),(532,8),(532,14),(533,8),(533,10),(534,8),(534,9),(534,14),(535,2),(535,15),(536,2),(536,9),(536,22),(536,27),(536,29),(537,1),(537,16),(538,4),(538,17),(539,3),(539,7),(539,18),(540,7),(540,18),(541,10),(541,16),(542,3),(542,16),(542,17),(543,3),(543,9),(544,2),(544,3),(545,5),(545,6),(545,12),(546,1),(546,10),(547,10),(547,17),(547,26),(547,29),(548,18),(549,1),(549,5),(550,4),(550,10),(551,4),(551,14),(552,9),(552,10),(553,2),(553,20),(554,1),(554,6),(555,1),(555,4),(555,7),(555,15),(556,3),(556,14),(557,8),(557,18),(558,14),(558,18),(558,25),(558,27),(558,28),(559,2),(559,16),(560,10),(560,15),(561,1),(561,8),(561,20),(562,2),(562,10),(562,14),(562,15),(563,5),(564,3),(564,17),(565,18),(566,8),(566,10),(566,18),(567,1),(567,3),(567,5),(568,2),(568,5),(569,2),(569,18),(570,1),(570,10),(570,16),(571,2),(571,5),(571,18),(572,1),(572,3),(573,14),(573,16),(574,7),(574,15),(575,7),(575,10),(576,14),(576,15),(577,8),(577,15),(578,3),(578,5),(578,17),(579,9),(579,18),(580,1),(580,17),(580,22),(581,7),(581,16),(582,6),(582,18),(583,1),(583,18),(584,7),(584,14),(585,1),(585,16),(586,4),(586,8),(587,3),(587,14),(588,6),(588,8),(588,14),(589,4),(589,8),(590,6),(590,7),(591,14),(591,15),(591,20),(592,1),(592,9),(592,22),(592,25),(592,27),(592,28),(592,29),(593,8),(593,10),(594,1),(594,5),(594,15),(595,5),(595,15),(596,7),(596,16),(597,4),(597,21),(598,5),(598,6),(598,9),(598,29),(599,9),(599,18),(600,2),(600,3),(600,15),(601,6),(601,16),(602,6),(602,14),(603,4),(603,8),(604,16),(604,17),(605,9),(606,9),(606,10),(607,14),(607,18),(608,1),(608,17),(609,3),(609,14),(609,18),(610,3),(610,6),(611,4),(611,14),(612,6),(612,10),(613,6),(613,18),(614,1),(614,4),(614,8),(615,3),(615,7),(615,15),(616,6),(616,9),(617,7),(617,16),(618,3),(618,8),(618,22),(618,26),(618,27),(619,15),(619,18),(620,17),(620,18),(621,15),(621,24),(622,6),(622,16),(623,2),(623,6),(624,10),(625,2),(626,1),(626,10),(627,6),(627,9),(628,2),(628,3),(629,6),(629,14),(630,16),(630,17),(631,3),(631,8),(631,16),(632,3),(632,14),(633,8),(633,18),(634,10),(634,16),(635,5),(635,16),(635,21),(636,4),(636,18),(637,14),(637,18),(638,3),(638,14),(639,2),(639,10),(639,14),(640,4),(640,8),(641,1),(641,17),(642,3),(642,15),(643,4),(643,17),(644,2),(644,10),(645,2),(645,8),(646,7),(646,16),(647,1),(647,18),(648,3),(648,18),(649,3),(649,6),(650,15),(650,17),(651,14),(652,7),(652,17),(653,10),(654,4),(655,14),(655,15),(655,20),(656,3),(656,8),(656,10),(657,9),(658,2),(658,9),(659,5),(659,8),(660,1),(660,15),(661,6),(661,14),(662,5),(662,8),(662,23),(662,24),(662,29),(663,7),(663,9),(663,19),(664,4),(664,9),(664,10),(665,2),(665,15),(666,6),(666,7),(666,13),(667,6),(667,18),(668,1),(668,5),(669,3),(669,17),(670,6),(670,10),(671,4),(671,9),(672,9),(672,16),(672,19),(673,5),(673,6),(674,7),(674,10),(674,26),(674,29),(675,1),(675,8),(676,5),(676,16),(676,19),(677,15),(677,16),(678,10),(678,15),(678,21),(678,23),(678,25),(678,28),(679,4),(679,6),(679,26),(679,29),(680,17),(680,18),(681,1),(681,18),(682,8),(682,9),(683,3),(683,5),(683,7),(683,14),(684,3),(684,6),(685,6),(685,10),(686,8),(687,2),(687,17),(688,7),(688,17),(689,10),(689,17),(690,8),(690,9),(691,7),(691,16),(692,16),(692,18),(693,10),(693,14),(693,19),(693,26),(693,27),(693,28),(694,2),(694,5),(694,17),(695,3),(695,7),(696,2),(696,15),(697,8),(697,14),(698,4),(698,10),(699,2),(699,6),(700,8),(700,10),(701,1),(701,8),(702,1),(702,4),(702,9),(702,21),(702,24),(702,27),(703,2),(703,9),(704,4),(704,18),(705,2),(705,15),(705,16),(705,21),(705,26),(706,6),(706,18),(707,1),(707,17),(708,2),(708,15),(708,24),(708,27),(709,1),(709,14),(710,4),(710,15),(711,2),(711,10),(711,23),(711,29),(712,5),(712,8),(713,6),(713,15),(713,18),(714,5),(714,14),(715,4),(716,9),(716,10),(717,4),(717,16),(718,8),(718,9),(719,5),(719,6),(720,8),(720,15),(721,1),(721,6),(722,6),(722,17),(723,1),(723,5),(723,15),(724,6),(724,14),(724,24),(724,25),(724,26),(724,27),(725,10),(725,14),(725,15),(726,4),(726,8),(726,14),(727,7),(727,15),(728,6),(728,17),(729,14),(729,18),(730,2),(730,4),(731,2),(731,17),(732,8),(732,9),(733,3),(733,7),(734,1),(734,5),(735,8),(735,10),(736,4),(736,18),(737,5),(737,7),(738,14),(738,15),(739,5),(739,6),(740,4),(740,16),(741,1),(741,9),(742,8),(742,16),(743,2),(743,7),(744,5),(744,6),(745,1),(745,2),(745,9),(746,2),(746,16),(747,6),(747,17),(748,2),(748,17),(749,6),(749,17),(749,21),(749,26),(749,27),(749,29),(750,3),(750,8),(751,4),(751,5),(751,28),(752,2),(752,3),(752,6),(752,7),(753,5),(754,1),(754,6),(755,7),(755,14),(755,17),(755,28),(756,8),(756,17),(757,17),(758,6),(758,15),(759,4),(759,5),(759,15),(759,18),(759,23),(759,28),(760,3),(760,6),(761,2),(761,16),(762,6),(762,8),(763,6),(763,7),(764,16),(764,18),(764,27),(764,29),(765,6),(765,10),(765,15),(766,4),(766,6),(767,17),(767,18),(768,5),(768,10),(769,6),(769,18),(770,3),(770,10),(770,19),(771,9),(771,14),(772,5),(772,7),(772,19),(773,10),(773,11),(773,15),(774,7),(774,15),(775,3),(775,6),(776,7),(776,15),(777,1),(777,8),(778,3),(778,7),(779,1),(779,2),(779,8),(780,8),(780,14),(781,4),(781,7),(781,15),(782,2),(782,16),(783,8),(783,18),(784,4),(784,5),(784,9),(784,10),(785,1),(785,16),(786,5),(786,8),(787,4),(787,11),(787,15),(788,17),(788,18),(789,3),(789,4),(790,3),(790,4),(790,7),(790,21),(790,26),(791,1),(791,4),(791,19),(792,8),(792,9),(793,4),(793,6),(793,14),(794,5),(794,9),(795,3),(795,17),(796,6),(796,15),(797,1),(797,17),(798,7),(798,25),(799,5),(799,15),(800,1),(800,17),(800,18),(801,6),(801,17),(801,19),(802,3),(802,5),(802,6),(803,8),(803,9),(804,8),(804,16),(804,22),(804,23),(805,17),(805,18),(806,15),(806,18),(807,3),(807,14),(808,3),(808,18),(808,22),(809,1),(809,15),(810,16),(810,17),(811,16),(811,17),(812,7),(812,9),(813,1),(813,5),(814,5),(814,9),(814,18),(815,10),(815,18),(816,8),(816,17),(816,21),(817,2),(817,3),(818,1),(818,2),(819,7),(819,17),(820,3),(820,17),(821,3),(821,18),(822,8),(822,17),(823,1),(823,5),(824,6),(824,9),(825,9),(825,10),(826,9),(826,14),(827,1),(827,15),(828,5),(828,8),(828,22),(829,4),(829,8),(830,15),(830,24),(830,26),(831,1),(831,16),(832,3),(832,17),(833,15),(833,21),(833,26),(833,28),(833,29),(834,4),(834,10),(835,1),(835,10),(836,6),(836,9),(837,2),(837,14),(838,2),(838,18),(839,4),(839,9),(839,15),(840,4),(840,8),(840,16),(841,2),(841,5),(842,15),(842,17),(842,29),(843,7),(844,2),(844,3),(845,2),(845,3),(845,10),(846,9),(846,10),(847,4),(847,14),(848,6),(848,17),(849,4),(849,10),(850,4),(850,18),(850,23),(850,25),(850,29),(851,1),(851,2),(851,3),(851,5),(852,10),(852,17),(853,1),(853,5),(853,16),(854,14),(854,17),(855,7),(855,10),(855,23),(855,26),(855,29),(856,8),(856,9),(856,14),(857,1),(857,14),(858,5),(858,6),(859,14),(859,15),(860,9),(860,15),(861,2),(861,10),(861,27),(861,29),(862,1),(862,8),(863,4),(863,10),(864,14),(864,15),(865,7),(865,9),(866,5),(866,10),(866,15),(866,18),(867,1),(867,2),(867,4),(868,3),(868,9),(869,9),(869,14),(869,16),(870,2),(871,3),(871,17),(872,4),(872,5),(873,7),(873,15),(874,7),(874,16),(875,7),(875,16),(876,3),(876,8),(877,4),(877,15),(878,4),(878,10),(879,4),(879,6),(879,9),(880,1),(880,4),(881,5),(881,14),(881,18),(882,4),(882,9),(882,16),(883,2),(883,7),(883,18),(884,4),(884,6),(884,10),(885,2),(885,16),(886,1),(886,9),(886,18),(887,6),(887,14),(887,16),(888,14),(888,18),(889,2),(889,3),(890,3),(890,4),(890,8),(890,14),(891,1),(891,8),(892,3),(892,5),(893,1),(893,13),(893,16),(894,5),(894,10),(895,5),(895,18),(896,6),(896,18),(897,3),(897,16),(898,8),(898,14),(899,16),(900,4),(900,16),(901,2),(901,5),(902,1),(902,2),(903,4),(903,6),(903,23),(904,15),(904,17),(905,2),(905,4),(905,5),(905,22),(905,27),(906,4),(906,16),(907,2),(907,6),(907,17),(908,8),(908,17),(909,10),(909,16),(910,2),(910,10),(911,3),(911,17),(911,20),(912,6),(912,7),(913,4),(913,8),(913,11),(913,12),(914,14),(914,17),(914,23),(914,26),(915,5),(915,18),(915,21),(916,1),(916,7),(917,3),(917,7),(918,2),(918,16),(919,2),(919,9),(920,2),(921,14),(921,15),(922,2),(923,1),(923,2),(923,3),(923,7),(924,2),(924,17),(925,1),(925,15),(926,9),(926,18),(927,10),(928,3),(928,4),(928,29),(929,2),(929,7),(930,1),(930,14),(931,6),(932,2),(932,6),(932,20),(933,1),(933,7),(933,15),(934,2),(934,9),(934,19),(934,25),(935,2),(935,9),(936,1),(936,2),(936,9),(937,5),(937,18),(938,1),(938,16),(938,17),(939,2),(939,18),(939,22),(939,27),(939,29),(940,1),(941,14),(941,18),(942,17),(942,23),(942,25),(943,1),(943,3),(943,22),(944,2),(944,10),(945,4),(945,17),(946,2),(946,10),(947,5),(947,8),(948,1),(948,10),(949,2),(949,4),(950,4),(950,14),(951,9),(951,10),(952,2),(952,14),(953,2),(953,5),(954,7),(954,16),(955,9),(955,18),(956,3),(956,7),(956,19),(957,7),(958,2),(958,3),(959,14),(959,16),(960,5),(960,17),(961,2),(961,8),(962,1),(962,6),(962,8),(963,6),(963,9),(963,28),(964,7),(964,18),(965,3),(965,9),(966,6),(966,15),(967,6),(967,7),(968,2),(968,4),(969,17),(969,18),(970,8),(970,18),(971,16),(972,3),(972,9),(973,14),(973,17),(973,20),(974,14),(974,18),(975,7),(975,8),(975,16),(976,5),(976,7),(976,10),(976,18),(976,20),(977,7),(977,14),(978,1),(978,7),(978,13),(979,4),(979,9),(979,14),(980,2),(980,9),(981,1),(982,15),(983,3),(983,8),(984,3),(984,5),(985,15),(986,15),(986,18),(987,4),(987,5),(987,9),(988,10),(988,14),(989,1),(989,8),(990,5),(990,8),(991,2),(991,18),(992,9),(992,10),(992,17),(993,4),(993,10),(993,16),(994,8),(995,4),(995,9),(996,16),(996,17),(997,10),(997,17),(998,1),(998,15),(999,3),(999,6),(999,17),(1000,2),(1000,10),(1002,4),(1003,24),(1003,25),(1004,21),(1004,23),(1004,27),(1004,29),(1005,12),(1009,4),(1010,18),(1012,15),(1017,27),(1023,4),(1027,6),(1027,19),(1028,13),(1029,21),(1029,25),(1033,11),(1042,8),(1050,9),(1050,17),(1050,18),(1050,19),(1052,1),(1052,21),(1052,25),(1052,29),(1055,3),(1055,25),(1055,28),(1058,11),(1059,7),(1059,17),(1064,25),(1064,27),(1065,1),(1066,14),(1067,15),(1068,16),(1068,21),(1068,29),(1070,29),(1071,7),(1071,25),(1071,26),(1072,15),(1074,21),(1075,21),(1075,27),(1076,15),(1084,25),(1084,27),(1084,29),(1086,28),(1088,5),(1089,16),(1092,10),(1092,23),(1092,28),(1092,29),(1094,29),(1099,14),(1101,19),(1107,14),(1110,4),(1111,24),(1114,8),(1115,4),(1116,11),(1116,12),(1116,13);
/*!40000 ALTER TABLE `user_wears_device` ENABLE KEYS */;
UNLOCK TABLES;

--
-- Final view structure for view `doctors_patients`
--

/*!50001 DROP TABLE IF EXISTS `doctors_patients`*/;
/*!50001 DROP VIEW IF EXISTS `doctors_patients`*/;
/*!50001 SET @saved_cs_client          = @@character_set_client */;
/*!50001 SET @saved_cs_results         = @@character_set_results */;
/*!50001 SET @saved_col_connection     = @@collation_connection */;
/*!50001 SET character_set_client      = utf8 */;
/*!50001 SET character_set_results     = utf8 */;
/*!50001 SET collation_connection      = utf8_general_ci */;
/*!50001 CREATE ALGORITHM=UNDEFINED */
/*!50013 DEFINER=`root`@`localhost` SQL SECURITY DEFINER */
/*!50001 VIEW `doctors_patients` AS select `doctor`.`firstname` AS `d_firstname`,`doctor`.`lastname` AS `d_lastname`,`user`.`firstname` AS `u_firstname`,`user`.`lastname` AS `u_lastname` from ((`doctor` join `doctor_supervises_user` on(`doctor`.`doctor_id` = `doctor_supervises_user`.`doctor_id`)) join `user` on(`doctor_supervises_user`.`user_id` = `user`.`user_id`)) */;
/*!50001 SET character_set_client      = @saved_cs_client */;
/*!50001 SET character_set_results     = @saved_cs_results */;
/*!50001 SET collation_connection      = @saved_col_connection */;

--
-- Final view structure for view `medicine_patients`
--

/*!50001 DROP TABLE IF EXISTS `medicine_patients`*/;
/*!50001 DROP VIEW IF EXISTS `medicine_patients`*/;
/*!50001 SET @saved_cs_client          = @@character_set_client */;
/*!50001 SET @saved_cs_results         = @@character_set_results */;
/*!50001 SET @saved_col_connection     = @@collation_connection */;
/*!50001 SET character_set_client      = utf8 */;
/*!50001 SET character_set_results     = utf8 */;
/*!50001 SET collation_connection      = utf8_general_ci */;
/*!50001 CREATE ALGORITHM=UNDEFINED */
/*!50013 DEFINER=`root`@`localhost` SQL SECURITY DEFINER */
/*!50001 VIEW `medicine_patients` AS select `user`.`firstname` AS `firstname`,`user`.`lastname` AS `lastname`,`medicine`.`name` AS `name` from ((`user` join `prescription` on(`user`.`user_id` = `prescription`.`user_id`)) join `medicine` on(`prescription`.`medicine_id` = `medicine`.`medicine_id`)) */;
/*!50001 SET character_set_client      = @saved_cs_client */;
/*!50001 SET character_set_results     = @saved_cs_results */;
/*!50001 SET collation_connection      = @saved_col_connection */;

--
-- Final view structure for view `user_devices`
--

/*!50001 DROP TABLE IF EXISTS `user_devices`*/;
/*!50001 DROP VIEW IF EXISTS `user_devices`*/;
/*!50001 SET @saved_cs_client          = @@character_set_client */;
/*!50001 SET @saved_cs_results         = @@character_set_results */;
/*!50001 SET @saved_col_connection     = @@collation_connection */;
/*!50001 SET character_set_client      = utf8 */;
/*!50001 SET character_set_results     = utf8 */;
/*!50001 SET collation_connection      = utf8_general_ci */;
/*!50001 CREATE ALGORITHM=UNDEFINED */
/*!50013 DEFINER=`root`@`localhost` SQL SECURITY DEFINER */
/*!50001 VIEW `user_devices` AS select `user`.`username` AS `username`,`device`.`name` AS `name`,`device`.`version` AS `version`,`device`.`type` AS `type` from ((`user` join `user_wears_device` on(`user`.`user_id` = `user_wears_device`.`user_id`)) join `device` on(`device`.`device_id` = `user_wears_device`.`device_id`)) */;
/*!50001 SET character_set_client      = @saved_cs_client */;
/*!50001 SET character_set_results     = @saved_cs_results */;
/*!50001 SET collation_connection      = @saved_col_connection */;
/*!40103 SET TIME_ZONE=@OLD_TIME_ZONE */;

/*!40101 SET SQL_MODE=@OLD_SQL_MODE */;
/*!40014 SET FOREIGN_KEY_CHECKS=@OLD_FOREIGN_KEY_CHECKS */;
/*!40014 SET UNIQUE_CHECKS=@OLD_UNIQUE_CHECKS */;
/*!40101 SET CHARACTER_SET_CLIENT=@OLD_CHARACTER_SET_CLIENT */;
/*!40101 SET CHARACTER_SET_RESULTS=@OLD_CHARACTER_SET_RESULTS */;
/*!40101 SET COLLATION_CONNECTION=@OLD_COLLATION_CONNECTION */;
/*!40111 SET SQL_NOTES=@OLD_SQL_NOTES */;

-- Dump completed on 2019-12-23 16:34:48
